,index,spotify_artist_id,list_original_name,music_story_id,instagram_url,instagram_username,facebook_url,facebook_username,twitter_url,twitter_username,instagram_followers,instagram_data
73,74,4QVBYiagIaa6ZGSPMbybpy,"""Pedro CapÃ³""",122525,,,,,,,-1,
77,78,3v6Ji4uoWtKRkhuDUaxi9n,"""Dynoro""",4714368,,,,,,,-1,
79,80,4dpARuHxo51G3z768sgnrY,"""Adele""",6345,,,,,,,-1,
84,85,1zNqDE7qDGCsyzJwohVaoX,"""Anne-Marie""",4640279,http://instagram.com/annemarieiam,annemarieiam,,,,,-1,
85,86,5H1nN1SzW0qNeUEZvuXjAj,"""Danny Ocean""",,,,,,,,-1,
87,88,4xRYI6VqpkE3UwrDrAZL8L,"""Logic""",131085,,,,,,,-1,
88,89,6MPCFvOQv5cIGfw3jODMF0,"""Internet Money""",4731658,,,,,,,-1,
91,92,6USMTwO0MNDnKte5a5h0xx,"""Y2K""",4724891,,,,,,,-1,
92,93,7dGJo4pcD2V6oG8kP0tJRR,"""Eminem""",,,,,,,,-1,
96,97,60d24wfXkVzDSfLS6hyCjZ,"""Martin Garrix""",4517849,,,,,,,-1,
97,98,5hdhHgpxyniooUiQVaPxQ0,"""Nio Garcia""",,,,,,,,-1,
100,101,5lpH0xAS4fVfLkACg9DAuM,"""Wham!""",100340,,,,,,,-1,
101,102,07YZf4WDAMNwqr4jfgOZ8y,"""Jason Derulo""",,,,,,,,-1,
102,103,4TEJudQY2pXxVHPE3gD2EU,"""BlocBoy JB""",,,,,,,,-1,
103,104,1McMsnEElThX1knmY4oliG,"""Olivia Rodrigo""",,,,,,,,-1,
110,111,0ZED1XzwlLHW4ZaG4lOT6m,"""Julia Michaels""",,,,,,,,-1,
113,114,1HxJeLhIuegM3KgvPn8sTa,"""Jack Ãœ""",4561304,,,,,,,-1,
115,116,2XnBwblw31dfGnspMIwgWz,"""Axwell""",4561537,,,,,,,-1,
117,118,6l3HvQ5sa6mXTsMTB19rO5,"""J. Cole""",117543,,,,,,,-1,
121,122,1HBjj22wzbscIZ9sEb5dyf,"""Jonas Blue""",4633409,,,,,,,-1,
123,124,45dkTj5sMRSjrmBSBeiHym,"""Tate McRae""",,,,,,,,-1,
124,125,1lmU3giNF3CSbkVSQmLpHQ,"""Surf Mesa""",,,,,,,,-1,
128,129,4WN5naL3ofxrVBgFpguzKo,"""Rudimental""",4484061,,,,,,,-1,
134,135,0gadJ2b9A4SKsB1RFkBb66,"""Passenger""",146038,,,,,,,-1,
135,136,46SHBwWsqBkxI7EeeBEQG7,"""Kodak Black""",4614485,,,,,,,-1,
145,146,3vQ0GE3mI0dAaxIMYe5g7z,"""Paulo Londra""",,,,,,,,-1,
146,147,73sIBHcqh3Z3NyqHKZ7FOL,"""Childish Gambino""",,,,,,,,-1,
148,149,0Cp8WN4V8Tu4QJQwCN5Md4,"""BENEE""",,,,,,,,-1,
151,152,4Uc8Dsxct0oMqx0P6i60ea,"""Conan Gray""",,,,,,,,-1,
153,154,47MpMsUfWtgyIIBEFOr4FE,"""Lunay""",4719322,,,,,,,-1,
154,155,7bXgB6jMjp9ATFy66eO08Z,"""Chris Brown""",7360,,,,,,,-1,
155,156,6PXS4YHDkKvl1wkIl4V8DL,"""Fetty Wap""",4564327,,,,,,,-1,
159,160,7gZfnEnfiaHzxARJ2LeXrf,"""6ix9ine""",4706665,,,,,,,-1,
160,161,6oMuImdp5ZcFhWP0ESe6mG,"""Migos""",4562899,,,,,,,-1,
162,163,7iZtZyCzp3LItcw1wtPI3D,"""Rae Sremmurd""",4560783,,,,,,,-1,
163,164,2DaxqgrOhkeH0fpeiQq2f4,"""Oasis""",100081,,,,,,,-1,
165,166,2cPqdH7XMvwaBJEVjheH8g,"""Jay Wheeler""",,,,,,,,-1,
166,167,1GDbiv3spRmZ1XdM1jQbT7,"""Natti Natasha""",,,,,,,,-1,
167,168,4qIVPF0s71ZYW3qzhu5GkF,"""Kina""",4547867,,,,,,,-1,
168,169,5MouCg6ta7zAxsfMEbc1uh,"""OMI""",4562177,,,,,,,-1,
169,170,2PaZWGu5T5nHjY2xxAkFsT,"""THE SCOTTS""",,,,,,,,-1,
173,174,3E6xrwgnVfYCrCs0ePERDz,"""Wisin""",4483195,,,,,,,-1,
174,175,6lB8vOoI4DRrrVxXwuV19c,"""Mike Perry""",4678313,,,,,,,-1,
176,177,3EOEK57CV77D4ovYVcmiyt,"""Dennis Lloyd""",4706256,,,,,,,-1,
179,180,4qBgvVog0wzW75IQ48mU7v,"""KYLE""",4599687,,,,,,,-1,
180,181,3wyVrVrFCkukjdVIdirGVY,"""Lil Pump""",,,,,,,,-1,
181,182,5M0lbkGluOPXLeFjApw8r8,"""DRAM""",4495165,,,,,,,-1,
182,183,0uGk2czvcpWQA383Im6ajf,"""Maggie Lindemann""",4697969,,,,,,,-1,
183,184,4ehtJnVumNf6xzSCDk8aLB,"""Martin Jensen""",4568777,,,,,,,-1,
184,185,31W5EY0aAly4Qieq6OFu6I,"""A Boogie Wit da Hoodie""",4687349,,,,,,,-1,
185,186,4obzFoKoKRHIphyHzJ35G3,"""Becky G""",4507174,,,,,,,-1,
186,187,2gsggkzM5R49q6jpPvazou,"""Jessie J""",142153,,,,,,,-1,
188,189,4phGZZrJZRo4ElhRtViYdl,"""Jason Mraz""",7588,,,,,,,-1,
192,193,2LIk90788K0zvyj2JJVwkJ,"""Jack Harlow""",,,,,,,,-1,
194,195,5K4W6rqBFWDnAN6FQUkS6x,"""Kanye West""",5154,http://www.instagram.com/kanyewestt_official,kanyewestt_official,,,,,-1,
196,197,4cPHsZM98sKzmV26wlwD2W,"""Brenda Lee""",4720,,,,,,,-1,
199,200,4u5smJBskI6Adzv08PuiUP,"""Kiiara""",4619697,,,,,,,-1,
201,202,7arQA31aZVS8yS6zUveWzb,"""CJ""",,,,,,,,-1,
202,203,0KPX4Ucy9dk82uj4GpKesn,"""Dalex""",,,,,,,,-1,
203,204,4TH4BHy0LdBi3dpBW4P2UX,"""R. City""",4574361,,,,,,,-1,
204,205,2wkoKEfS6dXwThbyTnZWFU,"""Mau y Ricky""",,,,,,,,-1,
205,206,1mcTU81TzQhprhouKaTkpq,"""Rauw Alejandro""",,,,,,,,-1,
208,209,4sj6D0zlMOl25nprDJBiU9,"""Andy Williams""",6649,,,,,,,-1,
211,212,38EmEgXkgK51MT2tPY0EoC,"""Bobby Helms""",3057,,,,,,,-1,
215,216,0DxeaLnv6SyYk2DOqkLO8c,"""MAGIC!""",8196,,,,,,,-1,
216,217,1XLWox9w1Yvbodui0SRhUQ,"""StaySolidRocky""",,,,,,,,-1,
217,218,7keGfmQR4X5w0two1xKZ7d,"""Kungs""",4571371,,,,,,,-1,
218,219,6nxWCVXbOlEVRexSbLsTer,"""Flume""",4490279,http://instagram.com/flumemusic,flumemusic,,,,,0,"{'biography': 'follow @flume', 'blocked_by_viewer': False, 'restricted_by_viewer': False, 'country_block': False, 'external_url': None, 'external_url_linkshimmed': None, 'edge_followed_by': {'count': 0}, 'fbid': '17841407416589305', 'followed_by_viewer': False, 'edge_follow': {'count': 0}, 'follows_viewer': False, 'full_name': '', 'has_ar_effects': False, 'has_clips': False, 'has_guides': False, 'has_channel': False, 'has_blocked_viewer': False, 'highlight_reel_count': 0, 'has_requested_viewer': False, 'id': '7354447219', 'is_business_account': False, 'is_professional_account': False, 'is_joined_recently': False, 'business_category_name': None, 'overall_category_name': None, 'category_enum': None, 'category_name': None, 'is_private': True, 'is_verified': False, 'edge_mutual_followed_by': {'count': 0, 'edges': []}, 'profile_pic_url': 'https://instagram.frpr1-1.fna.fbcdn.net/v/t51.2885-19/44884218_345707102882519_2446069589734326272_n.jpg?_nc_ht=instagram.frpr1-1.fna.fbcdn.net&_nc_ohc=a25KrB-CGvQAX8SvUxD&edm=AIhG1boAAAAA&ccb=7-4&oh=edf9917f91d3a40555dfafb1ec995246&oe=6098DA8F&_nc_sid=5c7e6a&ig_cache_key=YW5vbnltb3VzX3Byb2ZpbGVfcGlj.2-ccb7-4', 'profile_pic_url_hd': 'https://instagram.frpr1-1.fna.fbcdn.net/v/t51.2885-19/44884218_345707102882519_2446069589734326272_n.jpg?_nc_ht=instagram.frpr1-1.fna.fbcdn.net&_nc_ohc=a25KrB-CGvQAX8SvUxD&edm=AIhG1boAAAAA&ccb=7-4&oh=edf9917f91d3a40555dfafb1ec995246&oe=6098DA8F&_nc_sid=5c7e6a&ig_cache_key=YW5vbnltb3VzX3Byb2ZpbGVfcGlj.2-ccb7-4', 'requested_by_viewer': False, 'should_show_category': False, 'username': 'flumemusic', 'connected_fb_page': None, 'edge_felix_video_timeline': {'count': 0, 'page_info': {'has_next_page': False, 'end_cursor': None}, 'edges': []}, 'edge_owner_to_timeline_media': {'count': 0, 'page_info': {'has_next_page': False, 'end_cursor': None}, 'edges': []}, 'edge_saved_media': {'count': 0, 'page_info': {'has_next_page': False, 'end_cursor': None}, 'edges': []}, 'edge_media_collections': {'count': 0, 'page_info': {'has_next_page': False, 'end_cursor': None}, 'edges': []}}"
221,222,2tIP7SsRs7vjIcLrU85W8J,"""The Kid LAROI""",,,,,,,,-1,
223,224,0bdfiayQAKewqEvaU6rXCv,"""MÃ˜""",4538837,,,,,,,-1,
224,225,0c173mlxpT3dSFRgMO8XPh,"""Big Sean""",158552,,,,,,,-1,
226,227,0GM7qgcRCORpGnfcN2tCiB,"""Tainy""",,,,,,,,-1,
228,229,77SW9BnxLY8rJ0RciFqkHh,"""The Neighbourhood""",146876,,,,,,,-1,
229,230,4SsVbpTthjScTS7U2hmr1X,"""Arcangel""",120589,,,,,,,-1,
230,231,2kCcBybjl3SAtIcwdWpUe3,"""Lil Peep""",,,,,,,,-1,
231,232,5BcAKTbp20cv7tC5VqPFoC,"""Macklemore & Ryan Lewis""",4495390,,,,,,,-1,
232,233,4bL2B6hmLlMWnUEZnorEtG,"""Felix Jaehn""",4562277,,,,,,,-1,
233,234,7FNnA9vBm6EKceENgCGRMb,"""Anitta""",4507448,,,,,,,-1,
235,236,0PFtn5NtBbbUNbU9EAmIWF,"""Toto""",100562,,,,,,,-1,
236,237,0qTZZWLzuD59Un5r1speHm,"""Chris Jeday""",,,,,,,,-1,
237,238,4EzkuveR9pLvDVFNx6foYD,"""James Bay""",4511654,,,,,,,-1,
243,244,0haZhu4fFKt0Ag94kZDiz2,"""Sofia Reyes""",4561557,,,,,,,-1,
245,246,7MPGCB854Qo4alYMOPkBka,"""Ritt Momney""",4725505,http://www.instagram.com/rittmomney_,rittmomney_,,,,,-1,
246,247,4Q6nIcaBED8qUel8bBx6Cr,"""Jax Jones""",4574087,,,,,,,-1,
248,249,0tmwSHipWxN12fsoLcFU3B,"""Manuel Turizo""",,,,,,,,-1,
249,250,28gNT5KBp7IjEOQoevXf9N,"""Camilo""",,,,,,,,-1,
250,251,1cNDP5yjU5vjeR8qMf4grg,"""YNW Melly""",4717183,,,,,,,-1,
257,258,7iK8PXO48WeuP03g8YR51W,"""Myke Towers""",,,,,,,,-1,
263,264,1pPmIToKXyGdsCF6LmqLmI,"""Rich The Kid""",4573249,,,,,,,-1,
264,265,1Mxqyy3pSjf8kZZL4QVxS0,"""Frank Sinatra""",2007,,,,,,,-1,
267,268,7gAppWoH7pcYmphCVTXkzs,"""The Vamps""",4553311,,,,,,,-1,
269,270,0NGAZxHanS9e0iNHpR8f2W,"""Alok""",4521887,,,,,,,-1,
271,272,3jHBxvZ9gbBkZ17wKUqVsO,"""Kent Jones""",4664585,,,,,,,-1,
273,274,2NfSBtmWe7oPw1EmetJVso,"""Boza""",,,,,,,,-1,
275,276,2X97ZAqRKRMYFIDqtvGgGc,"""Silk City""",,,,,,,,-1,
276,277,4vhNDa5ycK0ST968ek7kRr,"""Carlos Vives""",104805,,,,,,,-1,
277,278,6i3DxIlAqnDkwELLw4aVrx,"""Lele Pons""",,,,,,,,-1,
278,279,7A8S43ryYdbWpJKeHRZRcq,"""JACKBOYS""",,,,,,,,-1,
279,280,2OnKRchqP7tT0FzTvWIFI7,"""Wolfine""",4561033,,,,,,,-1,
281,282,55fhWPvDiMpLnE4ZzNXZyW,"""Noah Cyrus""",,,,,,,,-1,
282,283,1b4DN8Vj0dnj5cceMFsRYN,"""Dante Klein""",4681819,,,,,,,-1,
283,284,7Ln80lUS6He07XvHI8qqHH,"""Arctic Monkeys""",101700,,,,,,,-1,
284,285,14zUHaJZo1mnYtn6IBRaRP,"""Justin Quiles""",,,,,,,,-1,
286,287,2ayNSoKPCRAfjp6hQ76hRu,"""Nacho""",,,,,,,,-1,
288,289,08GQAI4eElDnROBrJRGE0X,"""Fleetwood Mac""",100536,,,,,,,-1,
291,292,5dHt1vcEm9qb8fCyLcB3HL,"""A$AP Ferg""",4495846,,,,,,,-1,
293,294,3Gm5F95VdRxW3mqCn8RPBJ,"""AminÃ©""",6809,,,,,,,-1,
300,301,6VD4UEUPvtsemqD3mmTqCR,"""Deorro""",4555213,,,,,,,-1,
301,302,1uU7g3DNSbsu0QjSEqZtEd,"""Masked Wolf""",,,,,,,,-1,
302,303,7HV2RI2qNug4EcQqLbCAKS,"""Keala Settle""",4707953,,,,,,,-1,
304,305,0OROVBEZCocg0FcgJpyBse,"""Alex Sensation""",100376,,,,,,,-1,
305,306,6U1dBXJhC8gXFjamvFTmHg,"""Zac Efron""",105316,,,,,,,-1,
306,307,0WOxhx4hikIsyF3CRPLC8W,"""Famous Dex""",4684765,,,,,,,-1,
317,318,28ExwzUQsvgJooOI0X1mr3,"""Jay Rock""",4562703,,,,,,,-1,
318,319,6ZjFtWeHP9XN7FeKSUe80S,"""Bing Crosby""",5722,,,,,,,-1,
320,321,3EXdLajEO02ziZ90P90bSW,"""Lil Xan""",,,,,,,,-1,
321,322,4kYGAK2zu9EAomwj3hXkXy,"""JP Cooper""",4570903,,,,,,,-1,
324,325,1KP6TWI40m7p3QBTU6u2xo,"""BÃ˜RNS""",4505887,,,,,,,-1,
325,326,3tQx1LPXbsYjE9VwN1Peaa,"""Marc E. Bassy""",140148,,,,,,,-1,
326,327,3ATyg4fGC9F8trfb0GRWmX,"""Joey Montana""",164203,http://instagram.com/joeymontanaoficial,joeymontanaoficial,,,,,-1,
327,328,1anyVhU62p31KFi8MEzkbf,"""Chance the Rapper""",4560911,http://www.instagram.com/BzhLtNsAto2,BzhLtNsAto2,,,,,-1,
328,329,4ON1ruy5ijE7ZPQthbrkgI,"""Burak Yeter""",,,,,,,,-1,
329,330,3O5HD95HTEPgoPFOjAb7yV,"""DripReport""",,,,,,,,-1,
330,331,0ErzCpIMyLcjPiwT4elrtZ,"""NLE Choppa""",4721210,http://www.instagram.com/choppppppa,choppppppa,,,,,-1,
332,333,7juKTDFlPesGeWQ1GmjmOv,"""SilentÃ³""",4567097,,,,,,,-1,
333,334,3Isy6kedDrgPYoTS1dazA9,"""Sean Paul""",5130,,,,,,,-1,
334,335,2hWs22BmQkK4czFtDLnar2,"""Rob $tone""",,,,,,,,-1,
336,337,2o08sCWF5yyo2G4DCiT7T9,"""HVME""",,,,,,,,-1,
337,338,2oX42qP5ineK3hrhBECLmj,"""Andy Grammer""",165282,,,,,,,-1,
338,339,699OTQXzgjhIYAHMy9RyPD,"""Playboi Carti""",,,,,,,,-1,
340,341,00me4Ke1LsvMxt5kydlMyU,"""Cosculluela""",4486402,,,,,,,-1,
343,344,4x1nvY2FN8jxqAFA0DA02H,"""John Lennon""",13,,,,,,,-1,
345,346,5H6xmHXjsq98NLbEjuE29f,"""NEIKED""",,,,,,,,-1,
347,348,4AKwRarlmsUlLjIwt38NLw,"""Ofenbach""",4569349,,,,,,,-1,
348,349,2kqUKsTuEj1lPbm6BSn1AU,"""Rich Music LTD""",,,,,,,,-1,
350,351,49e4v89VmlDcFCMyDv9wQ9,"""Dean Martin""",2006,,,,,,,-1,
353,354,1Bl6wpkWCQ4KVgnASpvzzA,"""BROCKHAMPTON""",,,,,,,,-1,
356,357,7v4imS0moSyGdXyLgVTIV7,"""Nat King Cole""",2188,,,,,,,-1,
357,358,3Fl1V19tmjt57oBdxXKAjJ,"""Blueface""",4719154,,,,,,,-1,
360,361,1U1el3k54VvEUzo3ybLPlM,"""Kali Uchis""",4676025,,,,,,,-1,
364,365,6d47Z08T4snK50HgTEHo5Z,"""Sage The Gemini""",4555383,,,,,,,-1,
365,366,5NS0854TqZQVoRmJKSWtFZ,"""Chino & Nacho""",4486380,,,,,,,-1,
367,368,3nFkdlSjzX9mRTtwJOzDYB,"""JAY Z""",1727,,,,,,,-1,
368,369,0MHgLfmQdutffmvWe5XBTN,"""Burl Ives""",106925,,,,,,,-1,
369,370,2DspEsT7UXGKd2VaaedgG4,"""Alex Rose""",4716611,,,,,,,-1,
370,371,2W6kbe0nm96COrHzNmfLLd,"""MC Fioti""",,,,,,,,-1,
371,372,4qWnlmXWuGv2TtuxtIWlJX,"""BANNERS""",,,,,,,,-1,
372,373,5vBSrE1xujD2FXYRarbAXc,"""Years & Years""",4561250,,,,,,,-1,
374,375,7mnAzEmgquhrVtGob81SmO,"""Big Shaq""",,,,,,,,-1,
376,377,2DlGxzQSjYe5N6G9nkYghR,"""Jennifer Lopez""",5117,,,,,,,-1,
377,378,43ZHCT0cAZBISjO8DG9PnE,"""Elvis Presley""",1132,,,,,,,-1,
378,379,15NtJjjHRFybdNSMyM9smT,"""Nevada""",,,,,,,,-1,
379,380,6gK1Uct5FEdaUWRWpU4Cl2,"""Petit Biscuit""",4575897,,,,,,,-1,
384,385,0NIPkIjTV8mB795yEIiPYL,"""Wallows""",,,,,,,,-1,
385,386,2JbE7jUIGtpXSzytnyMg6U,"""Curtis Waters""",,,,,,,,-1,
388,389,2SrSdSvpminqmStGELCSNd,"""Stormzy""",4567095,,,,,,,-1,
389,390,3klZnJvYGIbWritVwQD434,"""Duncan Laurence""",,,,,,,,-1,
392,393,2cWZOOzeOm4WmBJRnD5R7I,"""Normani""",,,,,,,,-1,
395,396,2hlmm7s2ICUX0LVIhVFlZQ,"""Gunna""",,,,,,,,-1,
400,401,4fxd5Ee7UefO4CUXgwJ7IP,"""Giveon""",,,,,,,,-1,
402,403,5KEG7G8LDYlHgFDqZyEEs2,"""Chris Rea""",1900,,,,,,,-1,
404,405,3gIRvgZssIb9aiirIg0nI3,"""Jeremy Zucker""",,,,,,,,-1,
405,406,77qukKzmdI5BeMBR7WGUrN,"""Aaron Smith""",4568597,,,,,,,-1,
406,407,0NnUMWDCDi1snuMja6IdxH,"""Harry Nach""",,,,,,,,-1,
407,408,3yzRiNMZdTsSUgplcyYZ4i,"""Blanco Brown""",4724377,,,,,,,-1,
411,412,7nKeLE1toRtW4M279iS26h,"""Zay Hilfigerrr""",,,,,,,,-1,
416,417,1wZtkThiXbVNtj6hee6dz9,"""Wisin & Yandel""",122811,,,,,,,-1,
418,419,3QJUFtGBGL05vo0kCJZsmT,"""salem ilese""",,,,,,,,-1,
421,422,4ScCswdRlyA23odg9thgIO,"""Jess Glynne""",4556255,http://instagram.com/jessglynne,jessglynne,,,,,-1,
422,423,73jBynjsVtofjRpdpRAJGk,"""Dimitri Vegas & Like Mike""",155652,,,,,,,-1,
424,425,46GXASE9LHzyssNqKOInUu,"""Dawin""",4573265,,,,,,,-1,
428,429,0eHQ9o50hj6ZDNBt6Ys1sD,"""Yandel""",4483196,,,,,,,-1,
429,430,4LcUpNlXFEleaLlelmkv2R,"""Kris Kross Amsterdam""",105390,,,,,,,-1,
432,433,0HkcYmcjrBR3SCw9Ld5VZk,"""Calboy""",4719168,,,,,,,-1,
434,435,33ScadVnbm2X8kkUqOkC6Z,"""Don Omar""",7662,,,,,,,-1,
436,437,0wi4yTYlGtEnbGo4ltZTib,"""Shakin' Stevens""",,,,,,,,-1,
438,439,2cy1zPcrFcXAJTP0APWewL,"""Gente De Zona""",151813,,,,,,,-1,
439,440,4YXycRbyyAE0wozTk7QMEq,"""Matoma""",4567659,http://instagram.com/matomaofficial,matomaofficial,,,,,-1,
440,441,27mFvqQj8KpjmdKIqcw1mG,"""Ayo & Teo""",,,,,,,,-1,
441,442,17lzZA2AlOHwCwFALHttmp,"""2 Chainz""",,,,,,,,-1,
442,443,6beUvFUlKliUYJdLOXNj9C,"""King Princess""",,,,,,,,-1,
443,444,3AQRLZ9PuTAozP28Skbq8V,"""The Script""",,,,,,,,-1,
445,446,1gPhS1zisyXr5dHTYZyiMe,"""Kevin Gates""",,,,,,,,-1,
446,447,7d3WFRME3vBY2cgoP38RDo,"""Lil Skies""",4708263,,,,,,,-1,
447,448,4riOEaOW5hCeqomFDBk0aP,"""Rochy RD""",,,,,,,,-1,
449,450,6trIghKwHRUyxwvm66HLHH,"""FousheÃ©""",,,,,,,,-1,
452,453,6HqgxkTt9KGyt27zYrwVan,"""Super Yei""",,,,,,,,-1,
453,454,74eY8wbrhhVD7pACbBHwHw,"""Imany""",141177,,,,,,,-1,
454,455,7kXCcNRLEnblbTAppPraBp,"""Milly""",4724886,,,,,,,-1,
455,456,71jSVPQ6yskfyvWeiwvT5s,"""S1mba""",,,,,,,,-1,
456,457,6Ha4aES39QiVjR0L2lwuwq,"""Yo Gotti""",107869,,,,,,,-1,
457,458,6prmLEyn4LfHlD9NnXWlf7,"""Adam Lambert""",,,,,,,,-1,
461,462,5TYxZTjIPqKM8K8NuP9woO,"""C. Tangana""",,,,,,,,-1,
462,463,4m6ubhNsdwF4psNf3R8kwR,"""Khea""",,,,,,,,-1,
463,464,6c4sUNBgdonFJz8Kx2VsGz,"""Madcon""",103143,,,,,,,-1,
465,466,77tT1kLj6mCWtFNqiOmP9H,"""Daryl Hall & John Oates""",,,,,,,,-1,
466,467,4MIULe6tfg2loNzBy5B9eu,"""T-Wayne""",4569045,,,,,,,-1,
468,469,0e86yPdC41PGRkLp2Q1Bph,"""Mother Mother""",154776,,,,,,,-1,
470,471,1g0fXhQMHAxlRyIBkCbuE7,"""Matt Simons""",4495787,,,,,,,-1,
471,472,7vPGzgDg3qGUY5bWtrO3K4,"""Conkarah""",4647879,,,,,,,-1,
473,474,1PKErrAhYFdfrDymGHRQRo,"""Nathan Evans""",,,,,,,,-1,
475,476,4LLpKhyESsyAXpc4laK94U,"""Mac Miller""",4469545,http://instagram.com/larryfisherman,larryfisherman,,,,,-1,
478,479,188VINPQh5dyNfLUkevKqf,"""Olivia Holt""",4676157,,,,,,,-1,
479,480,5NGO30tJxFlKixkPSgXcFE,"""The Police""",100270,http://www.instagram.com/thepoliceofficial,thepoliceofficial,,,,,-1,
482,483,5jAMCwdNHWr7JThxtMuEyy,"""NOTD""",,,,,,,,-1,
484,485,5F1aoppMtU3OMiltO8ymJ2,"""Hugh Jackman""",,,,,,,,-1,
485,486,4gwpcMTbLWtBUlOijbVpuu,"""Capital Cities""",4511741,,,,,,,-1,
488,489,1ackd5XprZEkH3McKbQD51,"""Juan MagÃ¡n""",118941,,,,,,,-1,
490,491,1RBzGO6Nm3uyhUSxP7EDWO,"""Kevin Roldan""",4560825,,,,,,,-1,
491,492,250b0Wlc5Vk0CoUsaCY84M,"""JENNIE""",,,,,,,,-1,
492,493,1bAftSH8umNcGZ0uyV7LMg,"""Duki""",,,,,,,,-1,
493,494,4fpTMHe34LC5t3h5ztK8qu,"""The Carters""",,,,,,,,-1,
496,497,5xKp3UyavIBUsGy3DQdXeF,"""A Great Big World""",127582,,,,,,,-1,
497,498,2rhFzFmezpnW82MNqEKVry,"""Ski Mask The Slump God""",4704573,,,,,,,-1,
498,499,7i9j813KFoSBMldGqlh2Z1,"""Riton""",4606,,,,,,,-1,
499,500,6ywXRaHY7m2DJ0dd7CsLAB,"""Ramz""",,,,,,,,-1,
500,501,6olE6TJLqED3rqDCT0FyPh,"""Nirvana""",100072,,,,,,,-1,
501,502,523y9KSneKh6APd1hKxLuF,"""Master KG""",,,,,,,,-1,
502,503,3hteYQFiMFbJY7wS0xDymP,"""Gesaffelstein""",157664,,,,,,,-1,
507,508,293zczrfYafIItmnmM3coR,"""Chuck Berry""",990,,,,,,,-1,
508,509,5uYe4bcAXlMP7d4mrOYkML,"""Niack""",,,,,,,,-1,
509,510,5lHRUCqkQZCIWeX7xG4sYT,"""Rich Homie Quan""",4561059,,,,,,,-1,
511,512,0imE3buPhAowREqCrr4CYe,"""Peach Tree Rascals""",,,,,,,,-1,
512,513,6BeO1KuAWBqFriL1mLHtNc,"""Leslie Grace""",4568135,,,,,,,-1,
513,514,5DUlefCLzVRzNWaNURTFpK,"""Cali Y El Dandee""",119327,,,,,,,-1,
516,517,0q4NrXqJnc367PieejuROJ,"""Vice""",4546835,,,,,,,-1,
517,518,0n6sKrG0xKAf8xmdqeNGke,"""Los Legendarios""",,,,,,,,-1,
518,519,5nkYRuiIHg2xXHFC8bfosJ,"""ItaloBrothers""",4487051,,,,,,,-1,
520,521,6XyY86QOPPrYVGvF9ch6wz,"""Linkin Park""",100273,,,,,,,-1,
521,522,3wVXTWabe3viT0jF7DfjOL,"""Vedo""",,,,,,,,-1,
523,524,1bj5GrcLom5gZFF5t949Xl,"""Martin Solveig""",5172,,,,,,,-1,
524,525,28j8lBWDdDSHSSt5oPlsX2,"""ZHU""",,,,,,,,-1,
525,526,5JSXWmQO8csVUy6hSRu8TA,"""Maty Noyes""",4685335,,,,,,,-1,
527,528,6y5amJcTjeDgLXIjtQLMst,"""Grace""",8049,,,,,,,-1,
528,529,6Xgp2XMz1fhVYe7i6yNAax,"""Trippie Redd""",,,,,,,,-1,
529,530,5lXfVoQxVgC5fpjkVqvNYn,"""Isaiah""",,,,,,,,-1,
531,532,391oLRVmoTkumiN79HkTWu,"""Darlene Love""",3392,,,,,,,-1,
533,534,1CoZyIx7UvdxT5c8UkMzHd,"""Jorja Smith""",,,,,,,,-1,
534,535,7HkdQ0gt53LP4zmHsL0nap,"""Ella Mai""",,,,,,,,-1,
535,536,3whuHq0yGx60atvA2RCVRW,"""Olly Murs""",136911,,,,,,,-1,
536,537,5QatamYwvUTOmMHW6WA0AG,"""Terror Jr""",4687541,,,,,,,-1,
537,538,73Np75Wv2tju61Eo9Zw4IR,"""Idina Menzel""",107393,,,,,,,-1,
538,539,3wjsrpfO6odEphTZWx45RQ,"""Hearts & Colors""",,,,,,,,-1,
540,541,0VRj0yCOv2FXJNP47XQnx5,"""Quavo""",4575415,,,,,,,-1,
541,542,0LyOADBjj28cbvJWTXUEGA,"""Loren Allred""",,,,,,,,-1,
542,543,2cQr2KbzdRtIFlfbHGnNsL,"""Ziv Zaifman""",,,,,,,,-1,
544,545,0RPzmE1iY76tx1eBBXFyYn,"""DJ Ivis""",,,,,,,,-1,
545,546,2iojnBLj0qIMiKPvVhLnsH,"""Trey Songz""",108177,,,,,,,-1,
546,547,0lzV2CiahHRiGd6qpADtPS,"""James Hersey""",4575691,,,,,,,-1,
547,548,5sK8BsvyDl4TFA6KaBf8or,"""Charly Black""",,,,,,,,-1,
550,551,48R2gYdPKtfnfKAzhSVPUx,"""Migrantes""",,,,,,,,-1,
552,553,4PVn1b2WnnXdq80C7uaZLZ,"""Nause""",158353,,,,,,,-1,
555,556,0LyfQWJT6nXafLPZqxe9Of,"""Various Artists""",102171,,,,,,,-1,
557,558,4b19vuzlDcNdU4quI7L6sW,"""ElyOtto""",,,,,,,,-1,
559,560,34v5MVKeQnIo0CWYMbbrPf,"""John Newman""",4516040,,,,,,,-1,
563,564,3ScY9CQxNLQei8Umvpx5g6,"""Fat Joe""",5991,,,,,,,-1,
569,570,5iNrZmtVMtYev5M9yoWpEq,"""Seeb""",4671983,,,,,,,-1,
570,571,0kkxsdcaWmWU2yWAqclDh4,"""Rixton""",4556337,,,,,,,-1,
571,572,0DdDnziut7wOo6cAYWVZC5,"""KREAM""",4688833,,,,,,,-1,
573,574,5SyGEPymt1G2uto47tVWvZ,"""MadeinTYO""",4663425,,,,,,,-1,
574,575,47uyFQHOD02S0lj9ptRpoB,"""Felipe AraÃºjo""",,,,,,,,-1,
576,577,3gGUMEwIX6XodWsYEvKSal,"""YBN Nahmir""",,,,,,,,-1,
582,583,2ODbg2404zUzTi02qIPEjB,"""Tay-K""",,,,,,,,-1,
584,585,6tkyhGe9hGI3Lcfo4gVh6Z,"""ChocQuibTown""",,,,,,,,-1,
587,588,5TbLOwv8BNnik3f03NZJlt,"""TOKYOâ€™S REVENGE""",,,,,,,,-1,
589,590,3eVa5w3URK5duf6eyVDbu9,"""ROSÃ‰""",,,,,,,,-1,
590,591,6KZDXtSj0SzGOV705nNeh3,"""Kid Ink""",4510796,,,,,,,-1,
591,592,0BqURncJM5B1BBu7UM51eq,"""Guaynaa""",,,,,,,,-1,
593,594,0SfsnGyD8FpIN4U4WCkBZ5,"""Armin van Buuren""",113958,http://instagram.com/arminvanbuurenofficial,arminvanbuurenofficial,,,,,-1,
599,600,3aGFCoR8xGN6DKwvdzeSja,"""ILOVEMAKONNEN""",4560436,,,,,,,-1,
600,601,4TsHKU8l8Wq7n7OPVikirn,"""Jidenna""",4565445,,,,,,,-1,
601,602,4poL7YCSkG7kMnWjAdDU91,"""Era Istrefi""",4649229,http://instagram.com/strefie,strefie,,,,,-1,
602,603,5GcWBUX00IPuWVGMIRK1sS,"""Residente""",160938,,,,,,,-1,
603,604,1IxP1g9VrPzJqXFCsuyHKe,"""MÃ¥ns ZelmerlÃ¶w""",124839,,,,,,,-1,
606,607,2VAnyOxzJuSAj7XIuEOT38,"""AlunaGeorge""",4487847,,,,,,,-1,
609,610,1xHQO9GJIW9OXHxGBISYc5,"""Marian Hill""",4563970,,,,,,,-1,
610,611,0AJUYWKztkg5dnrHDIBv47,"""MiC LOWRY""",4689391,,,,,,,-1,
612,613,5DK8eK7fjvRsziXzyr3sFA,"""Moon Taxi""",4574037,,,,,,,-1,
613,614,3Rx4PJ7SP6unkOk5elPUK7,"""Money Man""",,,,,,,,-1,
616,617,6lBN3Tzt61u8i9AJoAhKzF,"""Mykola Dmytrovych Leontovych""",,,,,,,,-1,
618,619,3zrUX1hQrUB9aXcOiyQLmN,"""Stanaj""",,,,,,,,-1,
619,620,6icQOAFXDZKsumw3YXyusw,"""Lil Yachty""",4668573,,,,,,,-1,
620,621,1dgdvbogmctybPrGEcnYf6,"""Route 94""",4555987,,,,,,,-1,
621,622,2uFC1dAj5b0YU7vulKNZ0p,"""Banx & Ranx""",4699523,,,,,,,-1,
622,623,5F1aAS1duwlzExnPs3l2Xe,"""Pooh Shiesty""",,,,,,,,-1,
623,624,48HORs6F9P7IgdyKrk4MZC,"""TarcÃ­sio do Acordeon""",,,,,,,,-1,
624,625,1L9i6qZYIGQedgM9QLSyzb,"""Klingande""",,,,,,,,-1,
626,627,1AwO9pWEBSBoWdEZu28XDC,"""Eartha Kitt""",105974,,,,,,,-1,
627,628,3gd8FJtBJtkRxdfbTu19U2,"""Mumford & Sons""",118446,,,,,,,-1,
628,629,74KM79TiuVKeVCqs8QtB0B,"""Sabrina Carpenter""",4558545,,,,,,,-1,
629,630,3RtNN1VnooWEn3KQk03DUL,"""Noriel""",4685595,,,,,,,-1,
633,634,2AsusXITU8P25dlRNhcAbG,"""Gotye""",169339,,,,,,,-1,
634,635,05o1zW8b6PV6rEquXr74sB,"""State of Sound""",,,,,,,,-1,
635,636,6C1ohJrd5VydigQtaGy5Wa,"""Joyner Lucas""",4702102,,,,,,,-1,
640,641,2lEOFtf3cCyzomQcMHJGfZ,"""Ylvis""",4524347,,,,,,,-1,
645,646,1Fr6agZ6iSM5Ynn2k4C8sc,"""VÃ‰RITÃ‰""",4685489,,,,,,,-1,
647,648,0ZRBa9pTfhhCsJW95F1ugg,"""Yall""",4591837,,,,,,,-1,
648,649,36SRwzRkX5zW3ABjJrevqX,"""DadÃ¡ BoladÃ£o""",4704414,http://www.instagram.com/dadaboladaooficial,dadaboladaooficial,,,,,-1,
650,651,6EPlBSH2RSiettczlz7ihV,"""Sleepy Hallow""",,,,,,,,-1,
656,657,2jnIB6XdLvnJUeNTy5A0J2,"""Why Don't We""",,,,,,,,-1,
659,660,5wPoxI5si3eJsYYwyXV4Wi,"""N.E.R.D""",102006,,,,,,,-1,
660,661,34Y0ldeyUv7jBvukWOGASO,"""Bobby Shmurda""",4560039,,,,,,,-1,
661,662,2M4eNCvV3CJUswavkhAQg2,"""James Newton Howard""",8247,,,,,,,-1,
662,663,5KYEMMz9O9iLIESifKAEOp,"""WhoHeem""",,,,,,,,-1,
663,664,0fA0VVWsXO9YnASrzqfmYu,"""Kid Cudi""",111703,,,,,,,-1,
664,665,7wlFDEWiM5OoIAt8RSli8b,"""YoungBoy Never Broke Again""",,,,,,,,-1,
671,672,1VBflYyxBhnDc9uVib98rw,"""Icona Pop""",4489534,,,,,,,-1,
672,673,2TImI3DW7o5MdRXJs4D37h,"""SOB X RBE""",,,,,,,,-1,
673,674,2hPgGN4uhvXAxiXQBIXOmE,"""KIDS SEE GHOSTS""",,,,,,,,-1,
675,676,6HUm6AHJE0oisACMN6NNJ5,"""Faul & Wad Ad""",4556219,,,,,,,-1,
676,677,6kq4GHwUcUojGIu0ziSNXf,"""Amenazzy""",,,,,,,,-1,
677,678,2KC9Qb60EaY0kW4eH68vr3,"""ITZY""",,,,,,,,-1,
678,679,46mGxneffUCmDhMU1m6zYu,"""Martin Tungevaag""",,,,,,,,-1,
681,682,7aLdKgvXgDQz0wi5z2PKMV,"""99 Souls""",4612725,,,,,,,-1,
683,684,2WxjxdeF7GGdcCK276qViY,"""Natalie Taylor""",,,,,,,,-1,
686,687,74XFHRwlV6OrjEM0A2NCMF,"""Paramore""",110379,,,,,,,-1,
687,688,3Apb2lGmGJaBmr0TTBJvIZ,"""Rusherking""",,,,,,,,-1,
689,690,6Ff53KvcvAj5U7Z1vojB5o,"""*NSYNC""",,,,,,,,-1,
691,692,0L8ExT028jH3ddEcZwqJJ5,"""Red Hot Chili Peppers""",100141,,,,,,,-1,
694,695,7Lk9V7E1u5gqSHmtcKlOqH,"""Sara Kays""",,,,,,,,-1,
698,699,3HqSLMAZ3g3d5poNaI7GOU,"""IU""",4483537,,,,,,,-1,
700,701,1LOB7jTeEV14pHai6EXSzF,"""Cash Cash""",119149,http://instagram.com/cashcashmusic,cashcashmusic,,,,,-1,
701,702,7yntSJ6uojO3z6GFUVwhAW,"""CORPSE""",,,,,,,,-1,
702,703,0EeQBlQJFiAfJeVN2vT9s0,"""Nipsey Hussle""",4560727,,,,,,,-1,
704,705,7aBzpmFXB4WWpPl2F7RjBe,"""Wyclef Jean""",4388,,,,,,,-1,
707,708,3iOvXCl6edW5Um0fXEBRXy,"""The xx""",114889,,,,,,,-1,
708,709,1xFn1xod58AGaSZjrxdiXA,"""El Chacal""",165349,,,,,,,-1,
710,711,2QsynagSdAqZj3U9HgDzjD,"""Bob Marley & The Wailers""",100418,,,,,,,-1,
712,713,3oDbviiivRWhXwIE8hxkVV,"""The Beach Boys""",100005,,,,,,,-1,
714,715,0Q9slhIaEgg190iG8udYIV,"""Philip George""",4562349,,,,,,,-1,
716,717,1IELhvOMg5VQlU7syRm6CS,"""CAZZETTE""",4508554,,,,,,,-1,
717,718,4PzYKhC14sTJNEr0dzoo0d,"""LuÃ­sa Sonza""",4703102,,,,,,,-1,
719,720,3koiLjNrgRTNbOwViDipeA,"""Marvin Gaye""",882,,,,,,,-1,
720,721,7guDJrEfX3qb6FEbdPA5qi,"""Stevie Wonder""",453,,,,,,,-1,
721,722,5zfEatKLDdRkgbw6sdLBAQ,"""Octavian""",,,,,,,,-1,
723,724,5f5mH9BDkeyXmDbzevu38d,"""Alfons""",4566829,,,,,,,-1,
726,727,5nSAh3wlH7VaqpnkiMjzDs,"""WSTRN""",4596905,,,,,,,-1,
727,728,2tcoLkA9Hexz70Kuc1NTUl,"""Gradur""",4560438,,,,,,,-1,
730,731,5KnoVkIUGmK0PiDKMjz2LM,"""Feder""",4562957,,,,,,,-1,
732,733,21E3waRsmPlU7jZsS13rcj,"""Ne-Yo""",6041,,,,,,,-1,
734,735,2jSGzJw0ebJLu7OLVSOcBP,"""Plan B""",118183,,,,,,,-1,
735,736,2w6slVluzWlwADP8aB5yz5,"""Palisades""",4470679,,,,,,,-1,
736,737,3mH3OBKopDDVgnJcT5PrPk,"""Redfoo""",158697,,,,,,,-1,
738,739,325L7kby6bkG5qSXXAFEWM,"""Joker Bra""",,,,,,,,-1,
744,745,6fXEqmGQEt6ONuqVmwrN46,"""Bag Raiders""",4492528,,,,,,,-1,
745,746,0XwVARXT135rw8lyw1EeWP,"""Christian Nodal""",,,,,,,,-1,
746,747,3GBBxBdoolb0B5YizZq9bF,"""Eno""",4661491,,,,,,,-1,
747,748,7ciBW1p3KBsYIkFk4UmwS8,"""The Rudeboyz""",,,,,,,,-1,
749,750,3Nipsl6GVwwGyeAk0J29C6,"""MC G15""",4688245,,,,,,,-1,
754,755,37G8DfNgO4mQ3PKh5droSo,"""Osmani Garcia ""La Voz""""",164992,,,,,,,-1,
755,756,6bwVWdQfr6ttzrGLboVkjg,"""Paul Rosenberg""",5905,,,,,,,-1,
756,757,6extd4B6hl8VTmnlhpl2bY,"""Huncho Jack""",,,,,,,,-1,
758,759,2msPoIYdnKVeuOOM960FC2,"""Sofia Karlberg""",4560575,,,,,,,-1,
759,760,6kXm2YCtdUOpRYNKeKhfue,"""Ryan Gosling""",,,,,,,,-1,
763,764,57LYzLEk2LcFghVwuWbcuS,"""Summer Walker""",,,,,,,,-1,
764,765,1lB3I3SI30v2ZOpR4XQqzJ,"""Gambi""",4725187,http://www.instagram.com/gambinojetski,gambinojetski,,,,,-1,
765,766,2UZIAOlrnyZmyzt1nuXr9y,"""Nicki Nicole""",4727397,http://www.instagram.com/nickinicole18,nickinicole18,,,,,-1,
768,769,68kEuyFKyqrdQQLLsmiatm,"""Vince Staples""",4560001,,,,,,,-1,
770,771,1TYJOhNSxMOODWiDVhuyZb,"""Kawe""",,,,,,,,-1,
771,772,1LIuN7ov1IBQDdLsU83ojl,"""Hugo & Guilherme""",,,,,,,,-1,
773,774,4JbmXqez7WvTggoxn3UpVT,"""Ghost Town DJs""",4676099,,,,,,,-1,
774,775,6ModsWtBph2rE6zCTVxvZt,"""Maite Perroni""",4521347,http://www.instagram.com/maitepb,maitepb,,,,,-1,
775,776,6O9WquDfQTxGRZqZUXVEQx,"""RedOne""",104710,,,,,,,-1,
776,777,431Pb5EV8KsCBGTw96ZTQ4,"""Dj Kass""",,,,,,,,-1,
780,781,0vbEs3DgphJ2RGZqh4qFLT,"""Anita Kerr Singers""",4478615,,,,,,,-1,
781,782,4D75GcNG95ebPtNvoNVXhz,"""Afrojack""",112099,,,,,,,-1,
782,783,1z7b1Pr1rSlvWRzsW3HOrS,"""Russ""",,,,,,,,-1,
784,785,54R6Y0I7jGUCveDTtI21nb,"""Boney M.""",100771,,,,,,,-1,
785,786,0bBz5bRBkExaej2HxtVfCw,"""347aidan""",,,,,,,,-1,
789,790,0HU0U9kdXEHZVxUNbuQe8S,"""Donny Hathaway""",2283,,,,,,,-1,
790,791,2R1QrQqWuw3IjoP5dXRFjt,"""Marlon Roudette""",105560,,,,,,,-1,
791,792,2h93pZq0e7k5yf4dywlkpM,"""Frank Ocean""",163828,,,,,,,-1,
793,794,7gXb99Sf9nNmpNYeAgIQFG,"""Sub Urban""",,,,,,,,-1,
795,796,6xvpfMjWTougrRRtK7iikz,"""Mason Ramsey""",,,,,,,,-1,
797,798,6w9ToX5slZ4uIdmD17hJ3c,"""Bryant Myers""",4679131,,,,,,,-1,
798,799,6Te49r3A6f5BiIgBRxH7FH,"""Ninho""",4681025,,,,,,,-1,
799,800,7rOlQwf8OuFLFQp4aydjBt,"""Paloma Mami""",,,,,,,,-1,
801,802,0e6qzpphJHtObTSwD75mi0,"""The Avener""",4557123,,,,,,,-1,
805,806,21dooacK2WGBB5amYvKyfM,"""Smokepurpp""",,,,,,,,-1,
806,807,5doPfvddXXjtQIJu9rQEz5,"""Tayler Buono""",,,,,,,,-1,
807,808,1TlTz1l8LzQ7AiXjBO77Ep,"""Contiez""",4481941,,,,,,,-1,
809,810,3ZuBEj9ppJe8GSdKaMTfMN,"""Nimo""",4643273,,,,,,,-1,
811,812,5pVRwX5ZQR7hfJ18w8ZYkl,"""Ufo361""",4668583,,,,,,,-1,
813,814,2JLqTvFXmC87BksiCsBezV,"""Matt Terry""",4692301,,,,,,,-1,
815,816,2LAqcqAQ8KPTsl1HBgBrqM,"""Michelle Williams""",,,,,,,,-1,
816,817,6YvP6AXefuZ3bROoEVjCiY,"""LISTENBEE""",4568047,,,,,,,-1,
818,819,7Do8se3ZoaVqUt3woqqSrD,"""MACHETE""",4725823,,,,,,,-1,
819,820,6m1LYS5NQonxjOcQFPQOb5,"""Frenna""",4686881,,,,,,,-1,
821,822,5p7mWeX4RlvqBCxylfiXdE,"""KC Rebell""",4561278,http://instagram.com/rebell45,rebell45,,,,,0,"{'biography': '', 'blocked_by_viewer': False, 'restricted_by_viewer': False, 'country_block': False, 'external_url': None, 'external_url_linkshimmed': None, 'edge_followed_by': {'count': 0}, 'fbid': '17841404903805879', 'followed_by_viewer': False, 'edge_follow': {'count': 0}, 'follows_viewer': False, 'full_name': 'Hüseyin Köksecen', 'has_ar_effects': False, 'has_clips': False, 'has_guides': False, 'has_channel': False, 'has_blocked_viewer': False, 'highlight_reel_count': 0, 'has_requested_viewer': False, 'id': '4847035460', 'is_business_account': False, 'is_professional_account': False, 'is_joined_recently': False, 'business_category_name': None, 'overall_category_name': None, 'category_enum': None, 'category_name': None, 'is_private': True, 'is_verified': False, 'edge_mutual_followed_by': {'count': 0, 'edges': []}, 'profile_pic_url': 'https://scontent-mad1-1.cdninstagram.com/v/t51.2885-19/s150x150/26863657_1674081162650713_7965758449550098432_n.jpg?tp=1&_nc_ht=scontent-mad1-1.cdninstagram.com&_nc_ohc=leOtreN3VasAX903U7E&edm=AAuNW_gAAAAA&ccb=7-4&oh=fa048fd3ad0916b5d92e8bee8504c78b&oe=6099CB27&_nc_sid=498da5', 'profile_pic_url_hd': 'https://scontent-mad1-1.cdninstagram.com/v/t51.2885-19/s320x320/26863657_1674081162650713_7965758449550098432_n.jpg?tp=1&_nc_ht=scontent-mad1-1.cdninstagram.com&_nc_ohc=leOtreN3VasAX903U7E&edm=AAuNW_gAAAAA&ccb=7-4&oh=1955fe1201257291de069a6969e2e142&oe=6099E7DF&_nc_sid=498da5', 'requested_by_viewer': False, 'should_show_category': False, 'username': 'rebell45', 'connected_fb_page': None, 'edge_felix_video_timeline': {'count': 0, 'page_info': {'has_next_page': False, 'end_cursor': None}, 'edges': []}, 'edge_owner_to_timeline_media': {'count': 0, 'page_info': {'has_next_page': False, 'end_cursor': None}, 'edges': []}, 'edge_saved_media': {'count': 0, 'page_info': {'has_next_page': False, 'end_cursor': None}, 'edges': []}, 'edge_media_collections': {'count': 0, 'page_info': {'has_next_page': False, 'end_cursor': None}, 'edges': []}}"
822,823,085pc2PYOi8bGKj0PNjekA,"""will.i.am""",6115,,,,,,,-1,
823,824,6Mm2g25BTeJ6BICPFWGkPg,"""Bosh""",,,,,,,,-1,
824,825,7xX15v6ahAkcT14kHfB9wB,"""True Damage""",,,,,,,,-1,
825,826,2uwXb02RFgtGOr6s6XMWlB,"""Dj Ozuna""",,,,,,,,-1,
827,828,6gGJH7joTDx9M3xREiAq9U,"""Petter Ferraz""",,,,,,,,-1,
828,829,6FBDaR13swtiWwGhX1WQsP,"""blink-182""",,,,,,,,-1,
829,830,3drqpTL4sQOckmAfF9i1wg,"""Summer Cem""",4561310,,,,,,,-1,
830,831,5AZuEF0feCXMkUCwQiQlW7,"""Marracash""",136764,,,,,,,-1,
831,832,3EiLUeyEcA6fbRPSHkG5kb,"""De La Ghetto""",4562931,,,,,,,-1,
832,833,3EW0kQ1skZiK1NHg3Spt9J,"""Takeoff""",,,,,,,,-1,
833,834,4SR9oxWziAoPR4kTrekBi6,"""Samir & Viktor""",4567945,,,,,,,-1,
834,835,1HwM5zlC5qNWhJtM00yXzG,"""DMX""",5607,,,,,,,-1,
837,838,3S6gaE89XewFAvZqsMuJDJ,"""Norm Ender""",,,,,,,,-1,
841,842,6vNe5MINTo5QZyR08sBOBA,"""Anna Naklab""",4568321,,,,,,,-1,
843,844,3c96G4d2lUOxhomM2mby5S,"""Bushido""",123895,,,,,,,-1,
845,846,0lHB0Qc4pmD5RkTLlHeESo,"""MC L da Vinte""",4717398,,,,,,,-1,
846,847,5sUrlPAHlS9NEirDB8SEbF,"""Alejandro Sanz""",7598,,,,,,,-1,
847,848,7vXDAI8JwjW531ouMGbfcp,"""TINI""",4470407,,,,,,,-1,
850,851,0g9vAlRPK9Gt3FKCekk4TW,"""Ab-Soul""",4558359,,,,,,,-1,
853,854,2S9W9aSAd7e5mp8WqWxN2h,"""Hilary Duff""",4642,,,,,,,-1,
854,855,7ACEUD7UsmmXrnj4OLt8f9,"""twocolors""",,,,,,,,-1,
855,856,6T70tWxqyIpdVbsFvPzqM3,"""La La Land Cast""",,,,,,,,-1,
856,857,5RmQ8k4l3HZ8JoPb4mNsML,"""Agust D""",,,,,,,,-1,
858,859,4YNxH9hXMuqlvG7rLTtLa1,"""Badpojken""",4580117,,,,,,,-1,
863,864,7eLcDZDYHXZCebtQmVFL25,"""Aitana""",,,,,,,,-1,
864,865,3gTZHK9u10mTyoEoT9tJaE,"""Lean Trap""",,,,,,,,-1,
865,866,3JXpwnHbLvXxY99EuXqFPX,"""Poo Bear""",4695502,,,,,,,-1,
867,868,19u3RGWKsjmbg9eI6zAiNp,"""13 OrganisÃ©""",,,,,,,,-1,
868,869,6JmzdIDSQdeHg0pocIascm,"""Thomas Jack""",4573183,,,,,,,-1,
869,870,5nki7yRhxgM509M5ADlN1p,"""Oliver Heldens""",4558147,,,,,,,-1,
871,872,0pF1TxZmwCJ3gGpkBQwdtT,"""Gabriel Rios""",108833,,,,,,,-1,
873,874,3utZ2yeQk0Z3BCOBWP7Vlu,"""Cro""",4536374,,,,,,,-1,
874,875,1UCxzrM5WJh9ure5vCcsim,"""Charlie Charles""",4623,,,,,,,-1,
877,878,7x8MuRMbm9XIldHSJOtoNo,"""22 Savage""",,,,,,,,-1,
879,880,5V0MlUE1Bft0mbLlND7FJz,"""Ella Fitzgerald""",1779,,,,,,,-1,
880,881,5Mq7iqCWBzofK39FBqblNc,"""Jessie Ware""",168686,,,,,,,-1,
883,884,0ECwFtbIWEVNwjlrfc6xoL,"""Eagles""",100413,,,,,,,-1,
884,885,3CJKkU0XuElRT1z8rEtIYg,"""Luciano""",4697000,,,,,,,-1,
886,887,0IsDyC7yhWO36zl3qlFzGH,"""Don Khuma""",,,,,,,,-1,
890,891,1nzgtKYFckznkcVMR3Gg4z,"""KSI""",4567859,http://instagram.com/therealksi,therealksi,,,,,-1,
893,894,3hN3iJMbbBmqBSAMx5veDa,"""Ultimo""",,,,,,,,-1,
894,895,1iPOay2JCcgNMPvBaPe9Ky,"""Street Rappers""",,,,,,,,-1,
895,896,1WgXqy2Dd70QQOU7Ay074N,"""AURORA""",106901,,,,,,,-1,
896,897,1XLjkBxFokuDTlHt0mQkRe,"""Thomas Gold""",137116,,,,,,,-1,
897,898,2K5nCggbhSZ00YCYP5qkZS,"""Shiva""",4726472,http://www.instagram.com/fuckshiva,fuckshiva,,,,,-1,
898,899,0b1sIQumIAsNbqAoIClSpy,"""j-hope""",,,,,,,,-1,
899,900,2zJ8chFLjiBHRNchfevMRI,"""SNBRN""",4578281,,,,,,,-1,
900,901,2otUckChxWf2cp6UP2cD6e,"""Zuna""",4659275,,,,,,,-1,
902,903,5TphiK6LsT4X5NOZxq3NJB,"""Trio VegabajeÃ±o""",,,,,,,,-1,
903,904,3fll16LLw6kdDxWzSpJPEQ,"""Malu""",,,,,,,,-1,
904,905,21LGsW7bziR4Ledx7WZ1Wf,"""Johnny Mathis""",4650,,,,,,,-1,
908,909,21WS9wngs9AqFckK7yYJPM,"""PnB Rock""",4690139,,,,,,,-1,
909,910,6L34dW6SKMSDaGIfYDU19j,"""Maes""",4709761,,,,,,,-1,
910,911,4A7HeXSd4HtQuf6IR5XZ1b,"""Fero47""",4719758,http://www.instagram.com/*,*,,,,,-1,
913,914,1qUjOF5fzrpoNycD36b2jZ,"""Nate Ruess""",4471602,,,,,,,-1,
914,915,0lAWpj5szCSwM4rUMHYmrr,"""MÃ¥neskin""",,,,,,,,-1,
917,918,0ONHkAv9pCAFxb0zJwDNTy,"""Pusha T""",7714,,,,,,,-1,
918,919,1vgQksyJ0IVz8y9XerEOy3,"""Madame""",,,,,,,,-1,
920,921,7F4HcalxCMC4DctguvnoFY,"""Ace Wilder""",4584415,,,,,,,-1,
921,922,4ytkhMSAnrDP8XzRNlw9FS,"""Vince Guaraldi Trio""",109680,,,,,,,-1,
922,923,3WrFJ7ztbogyGnTHbHJFl2,"""The Beatles""",100006,,,,,,,-1,
924,925,76dRoxKtDwYkgCQePok9cU,"""Miksu""",,,,,,,,-1,
925,926,03d2mJXSMtuPI0nIvLnhoS,"""Zoe Wees""",,,,,,,,-1,
927,928,2cFCoDyEaPrw8QVnrDlPKU,"""Stan Kenton""",,,,,,,,-1,
930,931,3EY5DxGdy7x4GelivOjS2Q,"""Connie Francis""",105876,,,,,,,-1,
931,932,146GKAYfDrwv0Ql2gQuMet,"""Natasha Nail""",,,,,,,,-1,
933,934,0hItVPjwJLVZrFqOyIsxPf,"""Judy Garland""",3017,,,,,,,-1,
934,935,3J8pdA8hGN7lMw8ENo5fRv,"""Tropijazz""",,,,,,,,-1,
935,936,4IVAbR2w4JJNJDDRFP3E83,"""6LACK""",,,,,,,,-1,
937,938,3tlXnStJ1fFhdScmQeLpuG,"""Brent Faiyaz""",,,,,,,,-1,
941,942,5ixB75BQR3ADoWQkcHQJTs,"""Gene Autry""",4636,,,,,,,-1,
942,943,7d86ERlvO5UG44j7Va0Y0C,"""Pamungkas""",,,,,,,,-1,
944,945,6bwp9ObI8FWvMPCIWVBmhl,"""Red Velvet - IRENE & SEULGI""",,,,,,,,-1,
945,946,4Z4afeDmHFxPmJorIwupbZ,"""Netta""",,,,,,,,-1,
946,947,1fctva4kpRbg2k3v7kwRuS,"""Rvssian""",,,,,,,,-1,
948,949,5nP8x4uEFjAAmDzwOEc9b8,"""MatuÃª""",,,,,,,,-1,
949,950,2SXhbucehn00OBVKhzxDyM,"""Erica Banks""",,,,,,,,-1,
950,951,7ao5uJZUsPeVpWlNkkjWyx,"""DJ A1""",,,,,,,,-1,
951,952,39KEQQAG9JhIt71g9NEVhh,"""Azet""",4680451,,,,,,,-1,
954,955,7sfgqEdoeBTjd8lQsPT3Cy,"""Emeli SandÃ©""",137837,,,,,,,-1,
955,956,6vPXtLmNd3mW0dd1Rb9eQ9,"""Don Patricio""",,,,,,,,-1,
957,958,2auiVi8sUZo17dLy1HwrTU,"""Solange""",8212,,,,,,,-1,
961,962,6Ur6METz02CC9zcJWDFicC,"""M.O""",116073,,,,,,,-1,
962,963,0huGjMyP507tBCARyzSkrv,"""YBN Cordae""",4717657,http://www.instagram.com/ybncordae,ybncordae,,,,,-1,
964,965,2HAShHcL0dMLf1iNzmxTi3,"""Freddy Kalas""",,,,,,,,-1,
965,966,5tVyieWwN9j09jXUovK2zN,"""Danny Saucedo""",,,,,,,,-1,
966,967,0ghlgldX5Dd6720Q3qFyQB,"""TOMORROW X TOGETHER""",,,,,,,,-1,
968,969,2QUvtLq6oQaX0LNsYY2fas,"""Cauty""",,,,,,,,-1,
969,970,07GczQ6OLSjvh0qTNn2w9Z,"""Axel Wikner""",,,,,,,,-1,
970,971,6Y64EaNqpqcZYTgs4c76gF,"""jxdn""",,,,,,,,-1,
972,973,2yEkeJoFOvm6qHuECSDHFg,"""David Zowie""",4571619,,,,,,,-1,
973,974,2aYJ5LAta2ScCdfLhKgZOY,"""Cobra Starship""",115545,,,,,,,-1,
974,975,4mAsWDGLUIEdo6imU77WG6,"""Boomdabash""",,,,,,,,-1,
976,977,3yiEJ9SByXZMXTwaKdVFN4,"""Luche""",4683039,,,,,,,-1,
977,978,3a5ydeAaojKa3CHWe5PVWK,"""MC MM""",,,,,,,,-1,
979,980,1INuLZXjjVbcJRyWvD1iSq,"""Jack & Jack""",4567607,,,,,,,-1,
981,982,39E15l8zeCDYpSZwFNX4G2,"""Eleni Foureira""",169789,,,,,,,-1,
982,983,3cjEqqelV9zb4BYE3qDQ4O,"""EXO""",4567779,,,,,,,-1,
983,984,3egWSWp7Y4FyCKIyvXbw7L,"""Ghali""",,,,,,,,-1,
985,986,5SulO4l40qDuV9zUGLZx7n,"""Capo Plaza""",,,,,,,,-1,
986,987,7CCjtD0hCK005Bvg2WG1a7,"""Carnage""",115264,,,,,,,-1,
987,988,0JOxt5QOwq0czoJxvSc5hS,"""GASHI""",,,,,,,,-1,
988,989,6xdRb2GypJ7DqnWAI2mHGn,"""MUNA""",4668463,,,,,,,-1,
990,991,4VuARVJiWGsH2msKTdsKdQ,"""Veysel""",4561511,,,,,,,-1,
991,992,2wIVse2owClT7go1WT98tk,"""Missy Elliott""",3437,,,,,,,-1,
992,993,0NyzfcGDZZ6GM25EBG9BYK,"""Ray Parker, Jr.""",837,,,,,,,-1,
993,994,6AUl0ykLLpvTktob97x9hO,"""Tee Grizzley""",,,,,,,,-1,
994,995,7nwUJBm0HE4ZxD3f5cy5ok,"""Aretha Franklin""",1414,,,,,,,-1,
995,996,3XHO7cRUPCLOr6jwp8vsx5,"""alt-J""",4471300,,,,,,,-1,
996,997,4AA474G2hRfrHyGrfyDseO,"""Mozzy""",,,,,,,,-1,
997,998,7KUri7klyLaIFXLcuuOMCd,"""Stargate""",,,,,,,,-1,
998,999,3blngRQf0p4vJgSXtIPXWO,"""Emil Berg""",4573827,,,,,,,-1,
999,1000,67mFhErdTWmJ9slGMC6vOf,"""TrÃ­o Los Josefinos""",,,,,,,,-1,
1001,1002,01pKrlgPJhm5dB4lneYAqS,"""Sigma""",123497,,,,,,,-1,
1003,1004,5Pcez7u1H2Po6e2LmMdF3f,"""Allyawan""",4476748,,,,,,,-1,
1005,1006,5nAiCPenjjdpUJAmElxmuu,"""LoÃ¯c Nottet""",,,,,,,,-1,
1006,1007,5ivCbtrcD5N4rD337xIb2z,"""MisterWives""",4565857,,,,,,,-1,
1007,1008,6vjCIhbLklvyaDBgCcpH57,"""Fences""",4560079,,,,,,,-1,
1008,1009,7KMqksf0UMdyA0UCf4R3ux,"""James Blunt""",4897,,,,,,,-1,
1009,1010,2Q4r4Epfaaho06ONTHx7OS,"""MC's Jhowzinho & Kadinho""",,,,,,,,-1,
1011,1012,2P5sC9cVZDToPxyomzF1UH,"""Joey Bada$$""",4494728,,,,,,,-1,
1012,1013,2j2rh3oQh4QEUnNTDKYSJD,"""187 Strassenbande""",4591217,,,,,,,-1,
1013,1014,0RqtSIYZmd4fiBKVFqyIqD,"""Thirty Seconds To Mars""",105054,,,,,,,-1,
1014,1015,2UZMlIwnkgAEDBsw1Rejkn,"""Tom Petty""",3,,,,,,,-1,
1015,1016,19ra5tSw0tWufvUp8GotLo,"""George Michael""",1413,,,,,,,-1,
1016,1017,5RSYz1KaYXbHfKdlaxAI8O,"""DJ Jonathan""",,,,,,,,-1,
1017,1018,5schNIzWdI9gJ1QRK8SBnc,"""Ben Howard""",116380,,,,,,,-1,
1018,1019,2T5vGJaxQIczaOZSUrvM1A,"""Jason French""",4564160,,,,,,,-1,
1019,1020,0XNvr6bnNywV946ZKaJtr0,"""Joakim Lundell""",,,,,,,,-1,
1020,1021,521qvhdobR0GzhvU6TFw76,"""Tritonal""",4473453,,,,,,,-1,
1024,1025,4lDBihdpMlOalxy1jkUbPl,"""Grey""",,,,,,,,-1,
1025,1026,08JjzDgK2ltxMBWlez1YyH,"""Hasse Andersson""",135689,,,,,,,-1,
1029,1030,1O5L4lbEpxlI7udBqsSQJa,"""Blue Suede Daddys""",127616,,,,,,,-1,
1030,1031,4utLUGcTvOJFr6aqIJtYWV,"""Skylar Grey""",153349,,,,,,,-1,
1032,1033,0Ya43ZKWHTKkAbkoJJkwIB,"""The Wombats""",104434,,,,,,,-1,
1034,1035,09hVIj6vWgoCDtT03h8ZCa,"""A Tribe Called Quest""",101780,,,,,,,-1,
1036,1037,0B3N0ZINFWvizfa8bKiz4v,"""James TW""",4622041,,,,,,,-1,
1038,1039,67nwj3Y5sZQLl72VNUHEYE,"""Wale""",114995,,,,,,,-1,
1040,1041,5abrQugiw9ysKSuemQW7K9,"""Amanda Jenssen""",117727,,,,,,,-1,
1042,1043,12Chz98pHFMPJEknJQMWvI,"""Muse""",100408,,,,,,,-1,
1043,1044,6IH1y7lDZ4f5emA2chtADV,"""Blak""",,,,,,,,-1,
1044,1045,3RbyaF3Pq6iDUKNp04AIcU,"""New Politics""",118448,,,,,,,-1,
1045,1046,0NWbwDZY1VkRqFafuQm6wk,"""Mike WiLL Made-It""",4552508,,,,,,,-1,
1047,1048,5So3Ot8FgnAlkz4v02elso,"""SaRaha""",4670431,,,,,,,-1,
1049,1050,2nuKjZLgc7II6FO4Rxjt5e,"""Blonde""",4561467,,,,,,,-1,
1053,1054,7DXjp1eSv6Xf759gmCiApa,"""Panetoz""",4482249,,,,,,,-1,
1056,1057,5pZE9tgrhmIGWAsJZ7YxNK,"""Luny Tunes""",4489892,,,,,,,-1,
1057,1058,3AlRiyjMywTVNzTcHbf9QT,"""Lil' Kleine""",4572307,,,,,,,-1,
1059,1060,6jU2Tt13MmXYk0ZBv1KmfO,"""Giorgio Moroder""",411,,,,,,,-1,
1060,1061,2QGdI8fUEuoVPJ4xuC5NDe,"""Laura Welsh""",4562787,,,,,,,-1,
1063,1064,1AtI1rQj5b84lSWR6QEJ46,"""Johnny Newport""",,,,,,,,-1,
1065,1066,1avL1hvvSnr1BOVKMpq1cE,"""Ken Floor""",,,,,,,,-1,
1066,1067,2GHclqNVjqGuiE5mA7BEoc,"""Common""",6745,,,,,,,-1,
1067,1068,6KWcxMWVNVIYbdOQyJtsSy,"""The Platters""",100577,http://www.instagram.com/theplattersnow,theplattersnow,,,,,-1,
1068,1069,3q6vAnrFIwWtAERGIXCwmV,"""Jaymes Reunion""",,,,,,,,-1,
1069,1070,7EK1bQADBoqbYXnT4Cqv9w,"""John Denver""",4980,,,,,,,-1,
1071,1072,3vbKDsSS70ZX9D2OcvbZmS,"""Beck""",998,,,,,,,-1,
1072,1073,7w29MU70EVgvR0c5f4wIxf,"""Winterland Big Band""",,,,,,,,-1,
1073,1074,2OIWxN9xUhgUHkeUCWCaNs,"""Veronica Maggio""",137861,,,,,,,-1,
1076,1077,0k17h0D3J5VfsdmQ1iZtE9,"""Pink Floyd""",100093,,,,,,,-1,
1077,1078,397jYgLYL4N6XsutEYQlP5,"""The Starlite Singers""",,,,,,,,-1,
1078,1079,3cvKNz7BwIY404XtZ5tpUW,"""Troy Ave""",4571329,,,,,,,-1,
1081,1082,07QEuhtrNmmZ0zEcqE9SF6,"""Owl City""",115601,,,,,,,-1,
1084,1085,3QGKsAfhZdldQCLuLjk6zl,"""Us The Duo""",4593013,,,,,,,-1,
1085,1086,2txHhyCwHjUEpJjWrEyqyX,"""Tom Odell""",4496876,,,,,,,-1,
1088,1089,4N874uPqBka1QiCvnCVOtr,"""Phoebe Ryan""",4571905,,,,,,,-1,
1089,1090,3Pdait6yo2LXvw2CwnagZr,"""Polina Gagarina""",,,,,,,,-1,
1090,1091,0NbfKEOTQCcwd6o7wSDOHI,"""The Game""",8124,,,,,,,-1,
1091,1092,3CjlHNtplJyTf9npxaPl5w,"""CHVRCHES""",4502740,,,,,,,-1,
1092,1093,6If57j6e3TXXk0HiLcIZca,"""Sevyn Streeter""",4498459,,,,,,,-1,
1094,1095,7KAGJwWQQui8b0uqwXRkSr,"""GestÃ¶rt aber GeiL""",4567843,,,,,,,-1,
1096,1097,2NX52zvQRp4AxVzhp2cMiP,"""Kenny B""",4494679,,,,,,,-1,
1097,1098,7iW0o1suit8xY24m9M5L0u,"""De Vet Du""",4489633,,,,,,,-1,
1098,1099,16GcWuvvybAoaHr0NqT8Eh,"""Alabama Shakes""",4471856,,,,,,,-1,
1099,1100,6PAt558ZEZl0DmdXlnjMgD,"""Eric Clapton""",61,,,,,,,-1,
1100,1101,5xLSa7l4IV1gsQfhAMvl0U,"""B.B. King""",91,,,,,,,-1,
1102,1103,0QmOR0TqxMPtZxtaIJ5klY,"""Nadav Guedj""",,,,,,,,-1,
1103,1104,6FQqZYVfTNQ1pCqfkwVFEa,"""Foals""",,,,,,,,-1,
1106,1107,08uWJ3O13e3RJCxaiZh8qm,"""Elina Born & Stig RÃ¤sta""",4527377,,,,,,,-1,
1108,1109,0bxSJJ7V2M4Zb9lpRzWPD8,"""JIMIN""",,,,,,,,-1,
1109,1110,3ipn9JLAPI5GUEo4y4jcoi,"""Ludacris""",4657,,,,,,,-1,
1110,1111,6Dy7Ex5zlTLgXbsB92rPji,"""iSHi""",,,,,,,,-1,
1111,1112,3IaqL9bsZtYJkqNLiovVho,"""Handsome Ghost""",4566181,,,,,,,-1,