spotify_artist_id,artist_name
6eUKZXaKkcviH0Ku9w2n3V,"""Ed Sheeran"""
2NjfBq1NflQcKSeiDooVjY,"""Tones and I"""
246dkjvS1zLTtiykXe5h60,"""Post Malone"""
1Xyo4u8uXC1ZmMpatF05PJ,"""The Weeknd"""
4GNC7GD6oZMSxPGyXy4MNB,"""Lewis Capaldi"""
7n2wHs1TKAczGzO7Dd2rGr,"""Shawn Mendes"""
6qqNVTkY8uBg9cP3Jd7DAH,"""Billie Eilish"""
69GGBxA162lTqCwzJG5jLp,"""The Chainsmokers"""
4IWBUUAFIplrNtaOHcJPRM,"""James Arthur"""
53XhwfbYqKCa1cC15pYq2q,"""Imagine Dragons"""
4MCBfE4596Uoi2O4DtmEMz,"""Juice WRLD"""
3TVXtAsR1Inumwj472S9r4,"""Drake"""
15UsOTVnJzReFVN1VCnxy4,"""XXXTENTACION"""
1HY2Jd0NmPuamShAr6KMms,"""Lady Gaga"""
66CXWjxzNUsdJxJ2JdwvnR,"""Ariana Grande"""
6M2wZ9GZgrQXHCFfjv46we,"""Dua Lipa"""
0Y5tJX1MQlPlqiwlOH1tJY,"""Travis Scott"""
64KEffDW9EtZ1y2vBYgq8T,"""Marshmello"""
4nDoRrQiYLoBzwC5BhVJzF,"""Camila Cabello"""
0H39MdGGX6dbnnQPt6NQkZ,"""SAINt JHN"""
26VFTg2z8YR0cCuwLzESi2,"""Halsey"""
757aE44tKEUQEqRuT6GnEB,"""Roddy Ricch"""
6KImCVD70vtIoJWnq6nGn3,"""Harry Styles"""
04gDigrS5kc9YWfZHwBETP,"""Maroon 5"""
4V8Sr092TqfHkfAA5fXXqG,"""Luis Fonsi"""
4O15NlyKLIASxsJ0PrXPfz,"""Lil Uzi Vert"""
4r63FhuTkUYltbVAg5TQnk,"""DaBaby"""
7jVv8c5Fj3E9VhNjxT4snq,"""Lil Nas X"""
0vRvGUQVUjytro0xpb26bs,"""Arizona Zervas"""
1dfeR4HaWDbWqFHLkxsg1d,"""Queen"""
790FomKkXshlbRYZFtlgla,"""Karol G"""
5y2Xq6xcjJb2jVM54GHK3t,"""John Legend"""
5JZ7CnR6gTvEMKX4g70Amv,"""Lauv"""
2YZyLoL8N0Wb9xBt1NhZWg,"""Kendrick Lamar"""
5Rl15oVamLq7FbSb0NNBNy,"""5 Seconds of Summer"""
7uaIm6Pw7xplS8Dy06V6pT,"""Trevor Daniel"""
5CiGnKThu5ctn9pBxv7DGa,"""benny blanco"""
1uNFoZAHBGtllmzznpCI3s,"""Justin Bieber"""
4npEfmQ6YuiwW1GpUmaq3F,"""Ava Max"""
738wLrAtLtCtFOLvQBXOXp,"""Major Lazer"""
4kYSro6naA4h99UJvo89HB,"""Cardi B"""
3QSQFmccmX81fWCUSPTS7y,"""Dean Lewis"""
540vIaP2JwjQb9dm3aArA4,"""DJ Snake"""
6bmlMHgSheBauioMgKv2tn,"""Powfu"""
2KsP6tYLJlTBvSUxnwlVWa,"""Mike Posner"""
6vXTefBL93Dj5IqAWq6OTv,"""French Montana"""
6fWVd57NKTalqvmjRd2t8Z,"""24kGoldn"""
7CajNmpbOovFoOoasH2HaY,"""Calvin Harris"""
20JZFwl6HVl6yg8a4H3ZqK,"""Panic! At The Disco"""
2wY79sveU1sp5g7SokKOiI,"""Sam Smith"""
5WUlDfRSoLAfcVSX1WnrxN,"""Sia"""
5zctI4wO9XSKS8XwcnqEHk,"""Lil Mosey"""
4VMYDCV2IEDYJArk749S6m,"""Daddy Yankee"""
4ofCBoyEiGSePFAG500xev,"""Regard"""
7gOdHgIoIKoe4i9Tta6qdD,"""Jonas Brothers"""
3YQKmKGau1PzlVlkL1iodx,"""Twenty One Pilots"""
4iHNK0tOyZPYnBU7nGAgpQ,"""Mariah Carey"""
2qxJFvFYMEDqd7ui6kSAcq,"""Zedd"""
2cFrymmkijnjDg9SS92EPM,"""blackbear"""
0du5cEVh5yTK9QJze8zA0C,"""Bruno Mars"""
0QHgL1lAIqAw0HtD7YldmP,"""DJ Khaled"""
31TPClRtHm23RisEBtV3X7,"""Justin Timberlake"""
1vyhD5VmyZ7KMfW5gqLgo5,"""J Balvin"""
7vk5e3vY1uw9plTHJAMwjN,"""Alan Walker"""
2R21vXR83lH98kGeO99Y66,"""Anuel Aa"""
6VuMaDnrHyPL1p4EHjYLi7,"""Charlie Puth"""
1l8Fu6IkuTP0U5QetQJ5Xt,"""Fifth Harmony"""
1RyvyyTE3xzB2ZywiAwp0i,"""Future"""
25u4wHJWxCA9vO0CzxAbK7,"""Lukas Graham"""
5LHRHt1k9lMyONurDHEdrp,"""Tyga"""
56mfhUDKa1vec6rSLZV5Eg,"""Jawsh 685"""
64M6ah0SkkRsnPGtGiRAbb,"""Bebe Rexha"""
4q3ewBCX7sLwd24euuV69X,"""Bad Bunny"""
4QVBYiagIaa6ZGSPMbybpy,"""Pedro CapÃ³"""
3Nrfpe0tUJi4K4DXYWgMUX,"""BTS"""
5ZsFI1h6hIdQRw2ti0hz81,"""ZAYN"""
5cj0lLjcoR7YOSnhnX0Po5,"""Doja Cat"""
3v6Ji4uoWtKRkhuDUaxi9n,"""Dynoro"""
6MDME20pz9RveH9rEXvrOM,"""Clean Bandit"""
4dpARuHxo51G3z768sgnrY,"""Adele"""
23fqKkggKUBHNkbKtXEls4,"""Kygo"""
4Ga1P7PMIsmqEZqhYZQgDo,"""Lil Tecca"""
5pKCCKE2ajJHZ9KAiaK11H,"""Rihanna"""
2FXC3k01G6Gw61bmprjgqS,"""Hozier"""
1zNqDE7qDGCsyzJwohVaoX,"""Anne-Marie"""
5H1nN1SzW0qNeUEZvuXjAj,"""Danny Ocean"""
0u6GtibW46tFX7koQ6uNJZ,"""Topic"""
4xRYI6VqpkE3UwrDrAZL8L,"""Logic"""
6MPCFvOQv5cIGfw3jODMF0,"""Internet Money"""
1r4hJ1h58CWwUQe3MxPuau,"""Maluma"""
7pFeBzX627ff0VnN6bxPR4,"""Desiigner"""
6USMTwO0MNDnKte5a5h0xx,"""Y2K"""
7dGJo4pcD2V6oG8kP0tJRR,"""Eminem"""
6LuN9FCkKOj5PcnpouEgny,"""Khalid"""
3hv9jJF3adDNsBSIQDqcjp,"""Mark Ronson"""
0C8ZW7ezQVs4URX5aX7Kqx,"""Selena Gomez"""
60d24wfXkVzDSfLS6hyCjZ,"""Martin Garrix"""
5hdhHgpxyniooUiQVaPxQ0,"""Nio Garcia"""
1yxSLGMDHlW21z4YXirZDS,"""The Black Eyed Peas"""
02kJSzxNuaWGqwubyUba0Z,"""G-Eazy"""
5lpH0xAS4fVfLkACg9DAuM,"""Wham!"""
07YZf4WDAMNwqr4jfgOZ8y,"""Jason Derulo"""
4TEJudQY2pXxVHPE3gD2EU,"""BlocBoy JB"""
1McMsnEElThX1knmY4oliG,"""Olivia Rodrigo"""
1Xylc3o4UrD53lo9CvFvVg,"""Zara Larsson"""
0EFisYRi20PTADoJrifHrz,"""Jhay Cortez"""
6T5tfhQCknKG4UnH90qGnz,"""DNCE"""
0xRXCcSX89eobfrshSVdyu,"""MEDUZA"""
0eDvMgVFoNV3TpwtrVCoTj,"""Pop Smoke"""
5p7f24Rk5HkUZsaS3BLG5F,"""Hailee Steinfeld"""
0ZED1XzwlLHW4ZaG4lOT6m,"""Julia Michaels"""
66W9LaWS0DPdL7Sz8iYGYe,"""JP Saxe"""
6DgP9otnZw5z6daOntINxp,"""Joel Corry"""
1HxJeLhIuegM3KgvPn8sTa,"""Jack Ãœ"""
20sxb77xiYeusSH8cVdatc,"""Meek Mill"""
2XnBwblw31dfGnspMIwgWz,"""Axwell"""
6S2OmqARrzebs0tKUEyXyp,"""Demi Lovato"""
6l3HvQ5sa6mXTsMTB19rO5,"""J. Cole"""
4rTv3Ejc7hKMtmoBOK1B4T,"""Ali Gatie"""
4kI8Ie27vjvonwaB2ePh8T,"""Portugal. The Man"""
6t1gpxYbY8OlLA7D2RiikQ,"""Loud Luxury"""
1HBjj22wzbscIZ9sEb5dyf,"""Jonas Blue"""
5pUo3fmmHT8bhCyHE52hA6,"""Liam Payne"""
45dkTj5sMRSjrmBSBeiHym,"""Tate McRae"""
1lmU3giNF3CSbkVSQmLpHQ,"""Surf Mesa"""
56oDRnqbIiwx4mymNEv7dS,"""Lizzo"""
6fOMl44jA4Sp5b9PpYCkzz,"""NF"""
4ETSs924pXMzjIeD6E9b4u,"""Surfaces"""
4WN5naL3ofxrVBgFpguzKo,"""Rudimental"""
5IH6FPUwQTxPSXurCrcIov,"""Alec Benjamin"""
7z5WFjZAIYejWy0NI5lv4T,"""Dan + Shay"""
137W8MRPWKqSmrBGDBFSop,"""Wiz Khalifa"""
1SupJlEpv7RS2tPNRaHViT,"""Nicky Jam"""
3iri9nBFs9e4wN7PLIetAw,"""gnash"""
0gadJ2b9A4SKsB1RFkBb66,"""Passenger"""
46SHBwWsqBkxI7EeeBEQG7,"""Kodak Black"""
4GvEc3ANtPPjt1ZJllr5Zl,"""Bazzi"""
4DdkRBBYG6Yk9Ka8tdJ9BW,"""Offset"""
5Pwc4xIPtQLFEnJriah9YJ,"""OneRepublic"""
02A3cEvlLLCbIMVDrK2GHV,"""Starley"""
3t5xRXzsuZmMDkQzgOX35S,"""Robin Schulz"""
1vCWHaC5f2uS3yhpwWbIA6,"""Avicii"""
10exVja0key0uqUkk6LJRT,"""Vance Joy"""
5f7VJjfbwm532GiveGC0ZK,"""Lil Baby"""
1URnnhqYAYcrqrcwql10ft,"""21 Savage"""
3vQ0GE3mI0dAaxIMYe5g7z,"""Paulo Londra"""
73sIBHcqh3Z3NyqHKZ7FOL,"""Childish Gambino"""
2RDOrhPqAM4jzTRCEb19qX,"""Sheck Wes"""
0Cp8WN4V8Tu4QJQwCN5Md4,"""BENEE"""
1Cs0zKBU1kc0i8ypK3B9ai,"""David Guetta"""
1MIVXf74SZHmTIp4V4paH4,"""Mabel"""
4Uc8Dsxct0oMqx0P6i60ea,"""Conan Gray"""
0EmeFodog0BfCgMzAIvKQp,"""Shakira"""
47MpMsUfWtgyIIBEFOr4FE,"""Lunay"""
7bXgB6jMjp9ATFy66eO08Z,"""Chris Brown"""
6PXS4YHDkKvl1wkIl4V8DL,"""Fetty Wap"""
0X2BH1fck6amBIoJhDVmmJ,"""Ellie Goulding"""
1i8SpTcr7yvPOmcqrbnVXY,"""Ozuna"""
1GxkXlMwML1oSg5eLPiAz3,"""Michael BublÃ©"""
7gZfnEnfiaHzxARJ2LeXrf,"""6ix9ine"""
6oMuImdp5ZcFhWP0ESe6mG,"""Migos"""
7ltDVBr6mKbRvohxheJ9h1,"""ROSALÃA"""
7iZtZyCzp3LItcw1wtPI3D,"""Rae Sremmurd"""
2DaxqgrOhkeH0fpeiQq2f4,"""Oasis"""
2o5jDhtHVPhrJdv3cEQ99Z,"""TiÃ«sto"""
2cPqdH7XMvwaBJEVjheH8g,"""Jay Wheeler"""
1GDbiv3spRmZ1XdM1jQbT7,"""Natti Natasha"""
4qIVPF0s71ZYW3qzhu5GkF,"""Kina"""
5MouCg6ta7zAxsfMEbc1uh,"""OMI"""
2PaZWGu5T5nHjY2xxAkFsT,"""THE SCOTTS"""
77ziqFxp5gaInVrF2lj4ht,"""Sech"""
4sTQVOfp9vEMCemLw50sbu,"""Galantis"""
7DMveApC7UnC2NPfPvlHSU,"""Cheat Codes"""
3E6xrwgnVfYCrCs0ePERDz,"""Wisin"""
6lB8vOoI4DRrrVxXwuV19c,"""Mike Perry"""
21451j1KhjAiaYKflxBjr1,"""Zion & Lennox"""
3EOEK57CV77D4ovYVcmiyt,"""Dennis Lloyd"""
55Aa2cqylxrFIXC767Z865,"""Lil Wayne"""
41MozSoPIsD1dJM0CLPjZF,"""BLACKPINK"""
4qBgvVog0wzW75IQ48mU7v,"""KYLE"""
3wyVrVrFCkukjdVIdirGVY,"""Lil Pump"""
5M0lbkGluOPXLeFjApw8r8,"""DRAM"""
0uGk2czvcpWQA383Im6ajf,"""Maggie Lindemann"""
4ehtJnVumNf6xzSCDk8aLB,"""Martin Jensen"""
31W5EY0aAly4Qieq6OFu6I,"""A Boogie Wit da Hoodie"""
4obzFoKoKRHIphyHzJ35G3,"""Becky G"""
2gsggkzM5R49q6jpPvazou,"""Jessie J"""
0jnsk9HBra6NMjO2oANoPY,"""Flo Rida"""
4phGZZrJZRo4ElhRtViYdl,"""Jason Mraz"""
50co4Is1HCEo8bhOyUWKpn,"""Young Thug"""
0vR2qb8m9WHeZ5ByCbimq2,"""Reik"""
6jJ0s89eD6GaHleKKya26X,"""Katy Perry"""
2LIk90788K0zvyj2JJVwkJ,"""Jack Harlow"""
3JhNCzhSMTxs9WLGJJxWOY,"""Macklemore"""
5K4W6rqBFWDnAN6FQUkS6x,"""Kanye West"""
4gzpq5DPGxSnKTe4SA8HAU,"""Coldplay"""
4cPHsZM98sKzmV26wlwD2W,"""Brenda Lee"""
7xEFii6utZmQ61kX59HmLH,"""FRENSHIP"""
06HL4z0CvFAxyc27GXpf02,"""Taylor Swift"""
4u5smJBskI6Adzv08PuiUP,"""Kiiara"""
0YinUQ50QDB7ZxSCLyQ40k,"""Mustard"""
7arQA31aZVS8yS6zUveWzb,"""CJ"""
0KPX4Ucy9dk82uj4GpKesn,"""Dalex"""
4TH4BHy0LdBi3dpBW4P2UX,"""R. City"""
2wkoKEfS6dXwThbyTnZWFU,"""Mau y Ricky"""
1mcTU81TzQhprhouKaTkpq,"""Rauw Alejandro"""
1Hsdzj7Dlq2I7tHP7501T4,"""Niall Horan"""
6DIS6PRrLS3wbnZsf7vYic,"""WALK THE MOON"""
4sj6D0zlMOl25nprDJBiU9,"""Andy Williams"""
2ysnwxxNtSgbb9t1m2Ur4j,"""George Ezra"""
13y7CgLHjMVRMDqxdx0Xdo,"""Gucci Mane"""
38EmEgXkgK51MT2tPY0EoC,"""Bobby Helms"""
4bw2Am3p9ji3mYsXNXtQcd,"""Piso 21"""
6USv9qhCn6zfxlBQIYJ9qs,"""Dominic Fike"""
7qG3b048QCHVRO5Pv1T5lw,"""Enrique Iglesias"""
0DxeaLnv6SyYk2DOqkLO8c,"""MAGIC!"""
1XLWox9w1Yvbodui0SRhUQ,"""StaySolidRocky"""
7keGfmQR4X5w0two1xKZ7d,"""Kungs"""
6nxWCVXbOlEVRexSbLsTer,"""Flume"""
0eecdvMrqBftK0M1VKhaF4,"""CNCO"""
2wUjUUtkb5lvLKcGKsKqsR,"""Alessia Cara"""
2tIP7SsRs7vjIcLrU85W8J,"""The Kid LAROI"""
1tqhsYv8yBBdwANFNzHtcr,"""Lil Dicky"""
0bdfiayQAKewqEvaU6rXCv,"""MÃ˜"""
0c173mlxpT3dSFRgMO8XPh,"""Big Sean"""
13ubrt8QOOCPljQ2FL1Kca,"""A$AP Rocky"""
0GM7qgcRCORpGnfcN2tCiB,"""Tainy"""
0TnOYISbd1XYRBk9myaseg,"""Pitbull"""
77SW9BnxLY8rJ0RciFqkHh,"""The Neighbourhood"""
4SsVbpTthjScTS7U2hmr1X,"""Arcangel"""
2kCcBybjl3SAtIcwdWpUe3,"""Lil Peep"""
5BcAKTbp20cv7tC5VqPFoC,"""Macklemore & Ryan Lewis"""
4bL2B6hmLlMWnUEZnorEtG,"""Felix Jaehn"""
7FNnA9vBm6EKceENgCGRMb,"""Anitta"""
33W1pnW9zScZtYTnAoWnOT,"""Mr. Probz"""
0PFtn5NtBbbUNbU9EAmIWF,"""Toto"""
0qTZZWLzuD59Un5r1speHm,"""Chris Jeday"""
4EzkuveR9pLvDVFNx6foYD,"""James Bay"""
6JL8zeS1NmiOftqZTRgdTz,"""Meghan Trainor"""
329e4yvIujISKGKz1BZZbO,"""Farruko"""
57WHJIHrjOE3iAxpihhMnp,"""Louis Tomlinson"""
4AK6F7OLvEQ5QYCBNiQWHq,"""One Direction"""
5CCwRZC6euC8Odo6y9X8jr,"""Rita Ora"""
0haZhu4fFKt0Ag94kZDiz2,"""Sofia Reyes"""
64aJYyrXljOodnUG6jvhRD,"""DJ Luian"""
7MPGCB854Qo4alYMOPkBka,"""Ritt Momney"""
4Q6nIcaBED8qUel8bBx6Cr,"""Jax Jones"""
7f5Zgnp2spUuuzKplmRkt7,"""Lost Frequencies"""
0tmwSHipWxN12fsoLcFU3B,"""Manuel Turizo"""
28gNT5KBp7IjEOQoevXf9N,"""Camilo"""
1cNDP5yjU5vjeR8qMf4grg,"""YNW Melly"""
2RdwBSPQiwcmiDo9kixcl8,"""Pharrell Williams"""
50OApTJurDusIo9dGTqSU4,"""Lilly Wood and The Prick"""
35S20clEkkSNUo23ViaslZ,"""Band Aid"""
5YGY8feqx7naU7z4HrwZM6,"""Miley Cyrus"""
0awl5piYwO0CDTHEkCjUhn,"""Nico & Vinz"""
1KCSPY1glIKqW2TotWuXOR,"""P!nk"""
7iK8PXO48WeuP03g8YR51W,"""Myke Towers"""
5INjqkS1o8h1imAzPqGZBb,"""Tame Impala"""
7EQ0qTo7fWT7DPxmxtSYEc,"""Bastille"""
6TIYQ3jFPwQSRmorSezPxX,"""Machine Gun Kelly"""
4Gso3d4CscCijv0lmajZWs,"""Don Toliver"""
2HUwZ0kumzCSlhFcjFZfpp,"""Flipp Dinero"""
1pPmIToKXyGdsCF6LmqLmI,"""Rich The Kid"""
1Mxqyy3pSjf8kZZL4QVxS0,"""Frank Sinatra"""
7slfeZO9LsJbWgpkIoXBUJ,"""Ricky Martin"""
36jaGQtMj5UWD0eO1fCVdD,"""Joel Adams"""
7gAppWoH7pcYmphCVTXkzs,"""The Vamps"""
77AiFEVeAVj2ORpC85QVJs,"""Steve Aoki"""
0NGAZxHanS9e0iNHpR8f2W,"""Alok"""
2kucQ9jQwuD8jWdtR9Ef38,"""Sam Hunt"""
3jHBxvZ9gbBkZ17wKUqVsO,"""Kent Jones"""
6s22t5Y3prQHyaHWUN1R1C,"""AJR"""
2NfSBtmWe7oPw1EmetJVso,"""Boza"""
63yrD80RY3RNEM2YDpUpO8,"""Melanie Martinez"""
2X97ZAqRKRMYFIDqtvGgGc,"""Silk City"""
4vhNDa5ycK0ST968ek7kRr,"""Carlos Vives"""
6i3DxIlAqnDkwELLw4aVrx,"""Lele Pons"""
7A8S43ryYdbWpJKeHRZRcq,"""JACKBOYS"""
2OnKRchqP7tT0FzTvWIFI7,"""Wolfine"""
7tYKF4w9nC0nq9CsPZTHyP,"""SZA"""
55fhWPvDiMpLnE4ZzNXZyW,"""Noah Cyrus"""
1b4DN8Vj0dnj5cceMFsRYN,"""Dante Klein"""
7Ln80lUS6He07XvHI8qqHH,"""Arctic Monkeys"""
14zUHaJZo1mnYtn6IBRaRP,"""Justin Quiles"""
6AgTAQt8XS6jRWi4sX7w49,"""Polo G"""
2ayNSoKPCRAfjp6hQ76hRu,"""Nacho"""
181bsRPaVXVlUKXrxwZfHK,"""Megan Thee Stallion"""
08GQAI4eElDnROBrJRGE0X,"""Fleetwood Mac"""
7K78lVZ8XzkjfRSI7570FF,"""JosÃ© Feliciano"""
07YUOmWljBTXwIseAUd9TW,"""Sebastian Yatra"""
5dHt1vcEm9qb8fCyLcB3HL,"""A$AP Ferg"""
5yG7ZAZafVaAlMTeBybKAL,"""Iggy Azalea"""
3Gm5F95VdRxW3mqCn8RPBJ,"""AminÃ©"""
3KwmxIhSe9UTSEF37kwngR,"""SHAED"""
6dC0rIJNLSFZwqckLgXJ8p,"""Timeflies"""
163tK9Wjr9P9DmM0AVK7lm,"""Lorde"""
0C0XlULifJtAgn6ZNCW2eu,"""The Killers"""
4Rxn7Im3LGfyRkY2FlHhWi,"""Nick Jonas"""
2EMAnMvWE2eb56ToJVfCWs,"""Bryson Tiller"""
6VD4UEUPvtsemqD3mmTqCR,"""Deorro"""
1uU7g3DNSbsu0QjSEqZtEd,"""Masked Wolf"""
7HV2RI2qNug4EcQqLbCAKS,"""Keala Settle"""
3WGpXCj9YhhfX11TToZcXP,"""Troye Sivan"""
0OROVBEZCocg0FcgJpyBse,"""Alex Sensation"""
6U1dBXJhC8gXFjamvFTmHg,"""Zac Efron"""
0WOxhx4hikIsyF3CRPLC8W,"""Famous Dex"""
4V8LLVI7PbaPR0K2TGSxFF,"""Tyler, The Creator"""
1hzfo8twXdOegF3xireCYs,"""Milky Chance"""
2FwJwEswyIUAljqgjNSHgP,"""Snakehips"""
3BmGtnKgCSGYIUhmivXKWX,"""Kelly Clarkson"""
7IlRNXHjoOCgEAWN5qYksg,"""Aya Nakamura"""
6Dd3NScHWwnW6obMFbl1BH,"""Daya"""
7f02bxFbZIOVdSbYRNYvLT,"""Jerry Di"""
4AVFqumd2ogHFlRbKIjp1t,"""Alesso"""
4NHQUGzhtTLFvgF5SZesLK,"""Tove Lo"""
20gsENnposVs2I4rQ5kvrf,"""Sam Feldt"""
28ExwzUQsvgJooOI0X1mr3,"""Jay Rock"""
6ZjFtWeHP9XN7FeKSUe80S,"""Bing Crosby"""
50JJSqHUf2RQ9xsHs0KMHg,"""Jon Bellion"""
3EXdLajEO02ziZ90P90bSW,"""Lil Xan"""
4kYGAK2zu9EAomwj3hXkXy,"""JP Cooper"""
3MZsBdqDrRTJihTHQrO6Dq,"""Joji"""
4f9iBmdUOhQWeP7dcAn1pf,"""Rag'n'Bone Man"""
1KP6TWI40m7p3QBTU6u2xo,"""BÃ˜RNS"""
3tQx1LPXbsYjE9VwN1Peaa,"""Marc E. Bassy"""
3ATyg4fGC9F8trfb0GRWmX,"""Joey Montana"""
1anyVhU62p31KFi8MEzkbf,"""Chance the Rapper"""
4ON1ruy5ijE7ZPQthbrkgI,"""Burak Yeter"""
3O5HD95HTEPgoPFOjAb7yV,"""DripReport"""
0ErzCpIMyLcjPiwT4elrtZ,"""NLE Choppa"""
1PbBg2aYjWLKRk84zJK15x,"""Echosmith"""
7juKTDFlPesGeWQ1GmjmOv,"""SilentÃ³"""
3Isy6kedDrgPYoTS1dazA9,"""Sean Paul"""
2hWs22BmQkK4czFtDLnar2,"""Rob $tone"""
6nS5roXSAGhTGr34W6n7Et,"""Disclosure"""
2o08sCWF5yyo2G4DCiT7T9,"""HVME"""
2oX42qP5ineK3hrhBECLmj,"""Andy Grammer"""
699OTQXzgjhIYAHMy9RyPD,"""Playboi Carti"""
5lwmRuXgjX8xIwlnauTZIP,"""Romeo Santos"""
00me4Ke1LsvMxt5kydlMyU,"""Cosculluela"""
3l0CmX0FuQjFxr8SK7Vqag,"""Clairo"""
0A0FS04o6zMoto8OKPsDwY,"""YG"""
4x1nvY2FN8jxqAFA0DA02H,"""John Lennon"""
7CyeXFnOrfC1N6z4naIpgo,"""The Ronettes"""
5H6xmHXjsq98NLbEjuE29f,"""NEIKED"""
2wzMOQwNT6ZvVB4amvhFAH,"""The Pogues"""
4AKwRarlmsUlLjIwt38NLw,"""Ofenbach"""
2kqUKsTuEj1lPbm6BSn1AU,"""Rich Music LTD"""
3e7awlrlDSwF3iM0WBjGMp,"""Little Mix"""
49e4v89VmlDcFCMyDv9wQ9,"""Dean Martin"""
3NPpFNZtSTHheNBaWC82rB,"""X Ambassadors"""
2LRoIwlKmHjgvigdNGBHNo,"""Feid"""
1Bl6wpkWCQ4KVgnASpvzzA,"""BROCKHAMPTON"""
1W7FNibLa0O0b572tB2w7t,"""Pink Sweat$"""
3PyJHH2wyfQK3WZrk9rpmP,"""Ashnikko"""
7v4imS0moSyGdXyLgVTIV7,"""Nat King Cole"""
3Fl1V19tmjt57oBdxXKAjJ,"""Blueface"""
1IueXOQyABrMOprrzwQJWN,"""Sigala"""
0b2GL7Y02vu50qieoQmw1w,"""IAmChino"""
1U1el3k54VvEUzo3ybLPlM,"""Kali Uchis"""
6jGMq4yGs7aQzuGsMgVgZR,"""Lil Tjay"""
6sFIWsNpZYqfjUpaCgueju,"""Carly Rae Jepsen"""
6vWDO969PvNqNYHIOW5v0m,"""BeyoncÃ©"""
6d47Z08T4snK50HgTEHo5Z,"""Sage The Gemini"""
5NS0854TqZQVoRmJKSWtFZ,"""Chino & Nacho"""
4yvcSjfu4PC0CYQyLy4wSq,"""Glass Animals"""
3nFkdlSjzX9mRTtwJOzDYB,"""JAY Z"""
0MHgLfmQdutffmvWe5XBTN,"""Burl Ives"""
2DspEsT7UXGKd2VaaedgG4,"""Alex Rose"""
2W6kbe0nm96COrHzNmfLLd,"""MC Fioti"""
4qWnlmXWuGv2TtuxtIWlJX,"""BANNERS"""
5vBSrE1xujD2FXYRarbAXc,"""Years & Years"""
5vCOdeiQt9LyzdI87kt5Sh,"""AronChupa"""
7mnAzEmgquhrVtGob81SmO,"""Big Shaq"""
6VxCmtR7S3yz4vnzsJqhSV,"""Sheppard"""
2DlGxzQSjYe5N6G9nkYghR,"""Jennifer Lopez"""
43ZHCT0cAZBISjO8DG9PnE,"""Elvis Presley"""
15NtJjjHRFybdNSMyM9smT,"""Nevada"""
6gK1Uct5FEdaUWRWpU4Cl2,"""Petit Biscuit"""
2urF8dgLVfDjunO0pcHUEe,"""Alvaro Soler"""
4UXqAaa6dQYAk18Lv7PEgX,"""Fall Out Boy"""
6ltzsmQQbmdoHHbLZ4ZN25,"""Lord Huron"""
2WzaAvm2bBCf4pEhyuDgCY,"""Ruth B."""
0NIPkIjTV8mB795yEIiPYL,"""Wallows"""
2JbE7jUIGtpXSzytnyMg6U,"""Curtis Waters"""
1qQLhymHXFPtP5U8KNKsm6,"""Apache 207"""
6LqNN22kT3074XbTVUrhzX,"""Kesha"""
2SrSdSvpminqmStGELCSNd,"""Stormzy"""
3klZnJvYGIbWritVwQD434,"""Duncan Laurence"""
2x7PC78TmgqpEIjaGAZ0Oz,"""Trueno"""
360IAlyVv4PCEVjgyMZrxK,"""Miguel"""
2cWZOOzeOm4WmBJRnD5R7I,"""Normani"""
6ydoSd3N2mwgwBHtF6K7eX,"""Calum Scott"""
2l35CQqtYRh3d8ZIiBep4v,"""MKTO"""
2hlmm7s2ICUX0LVIhVFlZQ,"""Gunna"""
0hCNtLu0JehylgoiP8L4Gh,"""Nicki Minaj"""
00XhexlJEXQstHimpZN910,"""Brytiago"""
2jku7tDXc6XoB6MO2hFuqg,"""Tory Lanez"""
0Tob4H0FLtEONHU1MjpUEp,"""Tinie Tempah"""
4fxd5Ee7UefO4CUXgwJ7IP,"""Giveon"""
3oSJ7TBVCWMDMiYjXNiCKE,"""Kane Brown"""
5KEG7G8LDYlHgFDqZyEEs2,"""Chris Rea"""
4jpsw9CQS439N0B7SecMgf,"""Ant Saunders"""
3gIRvgZssIb9aiirIg0nI3,"""Jeremy Zucker"""
77qukKzmdI5BeMBR7WGUrN,"""Aaron Smith"""
0NnUMWDCDi1snuMja6IdxH,"""Harry Nach"""
3yzRiNMZdTsSUgplcyYZ4i,"""Blanco Brown"""
4STHEaNw4mPZ2tzheohgXB,"""Paul McCartney"""
7nDsS0l5ZAzMedVRKPP8F1,"""Ella Henderson"""
2qdONMCoDngQk0eV4Avs1i,"""Natalie La Rose"""
7nKeLE1toRtW4M279iS26h,"""Zay Hilfigerrr"""
23wEWD21D4TPYiJugoXmYb,"""ThalÃ­a"""
3QLIkT4rD2FMusaqmkepbq,"""Rachel Platten"""
6cK3NBO6uP7hh0oyuVELFl,"""Saweetie"""
6P5NO5hzJbuOqSdyPB7SJM,"""Ashe"""
1wZtkThiXbVNtj6hee6dz9,"""Wisin & Yandel"""
6cEuCEZu7PAE9ZSzLLc2oQ,"""R3HAB"""
3QJUFtGBGL05vo0kCJZsmT,"""salem ilese"""
5v8jlSmAQfrkTjAlpUfWtu,"""Perry Como"""
5fMUXHkw8R8eOP2RNVYEZX,"""Diplo"""
4ScCswdRlyA23odg9thgIO,"""Jess Glynne"""
73jBynjsVtofjRpdpRAJGk,"""Dimitri Vegas & Like Mike"""
0cGUm45nv7Z6M6qdXYQGTX,"""Kehlani"""
46GXASE9LHzyssNqKOInUu,"""Dawin"""
3AVfmawzu83sp94QW7CEGm,"""Astrid S"""
2feDdbD5araYcm6JhFHHw7,"""Labrinth"""
3bhu7P5PfngueRHiB9hjcx,"""Elle King"""
0eHQ9o50hj6ZDNBt6Ys1sD,"""Yandel"""
4LcUpNlXFEleaLlelmkv2R,"""Kris Kross Amsterdam"""
4zxvC7CRGvggq9EWXOpwAo,"""Kiesza"""
2HPaUgqeutzr3jx5a9WyDV,"""PARTYNEXTDOOR"""
0HkcYmcjrBR3SCw9Ld5VZk,"""Calboy"""
787bCXOIvGeBw0Bc4kEjhD,"""Luke Christopher"""
33ScadVnbm2X8kkUqOkC6Z,"""Don Omar"""
3KV3p5EY4AvKxOlhGHORLg,"""Jeremih"""
0wi4yTYlGtEnbGo4ltZTib,"""Shakin' Stevens"""
16oZKvXb6WkQlVAjwo2Wbg,"""The Lumineers"""
2cy1zPcrFcXAJTP0APWewL,"""Gente De Zona"""
4YXycRbyyAE0wozTk7QMEq,"""Matoma"""
27mFvqQj8KpjmdKIqcw1mG,"""Ayo & Teo"""
17lzZA2AlOHwCwFALHttmp,"""2 Chainz"""
6beUvFUlKliUYJdLOXNj9C,"""King Princess"""
3AQRLZ9PuTAozP28Skbq8V,"""The Script"""
7nqlScm2smydSRl13eaP8E,"""Nea"""
1gPhS1zisyXr5dHTYZyiMe,"""Kevin Gates"""
7d3WFRME3vBY2cgoP38RDo,"""Lil Skies"""
4riOEaOW5hCeqomFDBk0aP,"""Rochy RD"""
7jZM5w05mGhw6wTB1okhD9,"""ATB"""
6trIghKwHRUyxwvm66HLHH,"""FousheÃ©"""
0ZrpamOxcZybMHGg1AYtHP,"""Robin Thicke"""
0iEtIxbK0KxaSlF7G42ZOp,"""Metro Boomin"""
6HqgxkTt9KGyt27zYrwVan,"""Super Yei"""
74eY8wbrhhVD7pACbBHwHw,"""Imany"""
7kXCcNRLEnblbTAppPraBp,"""Milly"""
71jSVPQ6yskfyvWeiwvT5s,"""S1mba"""
6Ha4aES39QiVjR0L2lwuwq,"""Yo Gotti"""
6prmLEyn4LfHlD9NnXWlf7,"""Adam Lambert"""
6i392l38cR3uBPF0DbNs7S,"""Quality Control"""
1mX1TWKpNxDSAH16LgDfiR,"""Jesse & Joy"""
0MlOPi3zIDMVrfA9R04Fe3,"""American Authors"""
5TYxZTjIPqKM8K8NuP9woO,"""C. Tangana"""
4m6ubhNsdwF4psNf3R8kwR,"""Khea"""
6c4sUNBgdonFJz8Kx2VsGz,"""Madcon"""
2LZDXcxJWgsJfKXZv9a5eG,"""Cashmere Cat"""
77tT1kLj6mCWtFNqiOmP9H,"""Daryl Hall & John Oates"""
4MIULe6tfg2loNzBy5B9eu,"""T-Wayne"""
0id62QV2SZZfvBn9xpmuCl,"""Aloe Blacc"""
0e86yPdC41PGRkLp2Q1Bph,"""Mother Mother"""
5he5w2lnU9x7JFhnwcekXX,"""Skrillex"""
1g0fXhQMHAxlRyIBkCbuE7,"""Matt Simons"""
7vPGzgDg3qGUY5bWtrO3K4,"""Conkarah"""
3Y7RZ31TRPVadSFVy1o8os,"""H.E.R."""
1PKErrAhYFdfrDymGHRQRo,"""Nathan Evans"""
23zg3TcAtWQy7J6upgbUnj,"""Usher"""
4LLpKhyESsyAXpc4laK94U,"""Mac Miller"""
0f5nVCcR06GX8Qikz0COtT,"""Omarion"""
26dSoYclwsYLMAKD3tpOr4,"""Britney Spears"""
188VINPQh5dyNfLUkevKqf,"""Olivia Holt"""
5NGO30tJxFlKixkPSgXcFE,"""The Police"""
7rkW85dBwwrJtlHRDkJDAC,"""NAV"""
3PhoLpVuITZKcymswpck5b,"""Elton John"""
5jAMCwdNHWr7JThxtMuEyy,"""NOTD"""
7LvoDJUNGnOrPdGRzVtOJ9,"""Young M.A"""
5F1aoppMtU3OMiltO8ymJ2,"""Hugh Jackman"""
4gwpcMTbLWtBUlOijbVpuu,"""Capital Cities"""
4vxaQs6vK54nK89J1VtLex,"""PUBLIC"""
716NhGYqD1jl2wI1Qkgq36,"""Bizarrap"""
1ackd5XprZEkH3McKbQD51,"""Juan MagÃ¡n"""
2bxxlINUlcMQQb39K7IopR,"""Abraham Mateo"""
1RBzGO6Nm3uyhUSxP7EDWO,"""Kevin Roldan"""
250b0Wlc5Vk0CoUsaCY84M,"""JENNIE"""
1bAftSH8umNcGZ0uyV7LMg,"""Duki"""
4fpTMHe34LC5t3h5ztK8qu,"""The Carters"""
6L1XC7NrmgWRlwAeLJvVtA,"""Sam Fischer"""
47z7ZrgFoBvVpCnElCE3Zh,"""Yellow Claw"""
5xKp3UyavIBUsGy3DQdXeF,"""A Great Big World"""
2rhFzFmezpnW82MNqEKVry,"""Ski Mask The Slump God"""
7i9j813KFoSBMldGqlh2Z1,"""Riton"""
6ywXRaHY7m2DJ0dd7CsLAB,"""Ramz"""
6olE6TJLqED3rqDCT0FyPh,"""Nirvana"""
523y9KSneKh6APd1hKxLuF,"""Master KG"""
3hteYQFiMFbJY7wS0xDymP,"""Gesaffelstein"""
3fZk3Gm5dN5v5yfYMQ04Bx,"""Dimelo Flow"""
0hEurMDQu99nJRq8pTxO14,"""John Mayer"""
1BhWF9W2PngtPSyobKg0rP,"""Pia Mia"""
2iE18Oxc8YSumAU232n4rW,"""The Jackson 5"""
293zczrfYafIItmnmM3coR,"""Chuck Berry"""
5uYe4bcAXlMP7d4mrOYkML,"""Niack"""
5lHRUCqkQZCIWeX7xG4sYT,"""Rich Homie Quan"""
4njdEjTnLfcGImKZu1iSrz,"""AWOLNATION"""
0imE3buPhAowREqCrr4CYe,"""Peach Tree Rascals"""
6BeO1KuAWBqFriL1mLHtNc,"""Leslie Grace"""
5DUlefCLzVRzNWaNURTFpK,"""Cali Y El Dandee"""
2kRfqPViCqYdSGhYSM9R0Q,"""Madison Beer"""
2TWBei99x2tV70bdYbWdAf,"""Dayvi"""
0q4NrXqJnc367PieejuROJ,"""Vice"""
0n6sKrG0xKAf8xmdqeNGke,"""Los Legendarios"""
5nkYRuiIHg2xXHFC8bfosJ,"""ItaloBrothers"""
4RVnAU35WRWra6OZ3CbbMA,"""Kylie Minogue"""
6XyY86QOPPrYVGvF9ch6wz,"""Linkin Park"""
3wVXTWabe3viT0jF7DfjOL,"""Vedo"""
1AL2GKpmRrKXkYIcASuRFa,"""Wesley SafadÃ£o"""
1bj5GrcLom5gZFF5t949Xl,"""Martin Solveig"""
28j8lBWDdDSHSSt5oPlsX2,"""ZHU"""
5JSXWmQO8csVUy6hSRu8TA,"""Maty Noyes"""
3Yl4nkmEa8BSuGWbwhdLDq,"""G.R.L."""
6y5amJcTjeDgLXIjtQLMst,"""Grace"""
6Xgp2XMz1fhVYe7i6yNAax,"""Trippie Redd"""
5lXfVoQxVgC5fpjkVqvNYn,"""Isaiah"""
7z2avKuuiMAT4XZJFv8Rvh,"""Tom Walker"""
391oLRVmoTkumiN79HkTWu,"""Darlene Love"""
2gBjLmx6zQnFGQJCAQpRgw,"""Nelly"""
1CoZyIx7UvdxT5c8UkMzHd,"""Jorja Smith"""
7HkdQ0gt53LP4zmHsL0nap,"""Ella Mai"""
3whuHq0yGx60atvA2RCVRW,"""Olly Murs"""
5QatamYwvUTOmMHW6WA0AG,"""Terror Jr"""
73Np75Wv2tju61Eo9Zw4IR,"""Idina Menzel"""
3wjsrpfO6odEphTZWx45RQ,"""Hearts & Colors"""
0qSX3s5pJnAlSsgsCne8Cz,"""Brett Eldredge"""
0VRj0yCOv2FXJNP47XQnx5,"""Quavo"""
0LyOADBjj28cbvJWTXUEGA,"""Loren Allred"""
2cQr2KbzdRtIFlfbHGnNsL,"""Ziv Zaifman"""
5IcR3N7QB1j6KBL8eImZ8m,"""ScHoolboy Q"""
0RPzmE1iY76tx1eBBXFyYn,"""DJ Ivis"""
2iojnBLj0qIMiKPvVhLnsH,"""Trey Songz"""
0lzV2CiahHRiGd6qpADtPS,"""James Hersey"""
5sK8BsvyDl4TFA6KaBf8or,"""Charly Black"""
1vSN1fsvrzpbttOYGsliDr,"""Tori Kelly"""
1z4g3DjTBBZKhvAroFlhOM,"""Red Velvet"""
48R2gYdPKtfnfKAzhSVPUx,"""Migrantes"""
7n2Ycct7Beij7Dj7meI4X0,"""TWICE"""
4PVn1b2WnnXdq80C7uaZLZ,"""Nause"""
76Xa625geVw0Q7BdyxNjA2,"""Mc Zaac"""
5Lv2GUVwqmQBPwrTrxucE5,"""Os BarÃµes Da Pisadinha"""
0LyfQWJT6nXafLPZqxe9Of,"""Various Artists"""
26AHtbjWKiwYzsoGoUZq53,"""Pentatonix"""
4b19vuzlDcNdU4quI7L6sW,"""ElyOtto"""
4WZGDpNwrC0vNQyl9QzF7d,"""Capital Bra"""
34v5MVKeQnIo0CWYMbbrPf,"""John Newman"""
7LbuenKfQNLPKzvi1rKPBG,"""Madden"""
22jNvLBrXGKr4CcV2tw8Ag,"""Jonas Esticado"""
3r17AfJCCUqC9Lf0OAc73G,"""Fergie"""
3ScY9CQxNLQei8Umvpx5g6,"""Fat Joe"""
3k68C6mNMJL6OaAdWeW2ZF,"""Diego & Victor Hugo"""
5w6mMj1qwSILG0pcylfchp,"""FÃ„IS"""
4tZwfgrHOc3mvqYlEYSvVi,"""Daft Punk"""
49tQo2QULno7gxHutgccqF,"""LANY"""
06nvjg4wBANK6DCHjqtPNd,"""Mahmood"""
5iNrZmtVMtYev5M9yoWpEq,"""Seeb"""
0kkxsdcaWmWU2yWAqclDh4,"""Rixton"""
0DdDnziut7wOo6cAYWVZC5,"""KREAM"""
4lDXfIznmGueBgTjI3qGUX,"""MÃ¸me"""
5SyGEPymt1G2uto47tVWvZ,"""MadeinTYO"""
47uyFQHOD02S0lj9ptRpoB,"""Felipe AraÃºjo"""
7MiDcPa6UiV3In7lIM71IN,"""Gusttavo Lima"""
3gGUMEwIX6XodWsYEvKSal,"""YBN Nahmir"""
13bDjug9N0pyv3ZUINjkDV,"""Bausa"""
14scxEoUN7Dcx1m4EQ7oHe,"""Ashley O"""
3tLYpanVDomWAZqF82NPds,"""Vigiland"""
5bzWtCkjIAMgN93gLt56SO,"""Tropkillaz"""
1bT7m67vi78r2oqvxrP3X5,"""Naughty Boy"""
2ODbg2404zUzTi02qIPEjB,"""Tay-K"""
5QdEbQJ3ylBnc3gsIASAT5,"""G Herbo"""
6tkyhGe9hGI3Lcfo4gVh6Z,"""ChocQuibTown"""
2iUbk5KhZYZt4CRvWbwb7S,"""LunchMoney Lewis"""
3p7PcrEHaaKLJnPUGOtRlT,"""Henrique & Juliano"""
5TbLOwv8BNnik3f03NZJlt,"""TOKYOâ€™S REVENGE"""
3IW7ScrzXmPvZhB27hmfgy,"""Jul"""
3eVa5w3URK5duf6eyVDbu9,"""ROSÃ‰"""
6KZDXtSj0SzGOV705nNeh3,"""Kid Ink"""
0BqURncJM5B1BBu7UM51eq,"""Guaynaa"""
45TgXXqMDdF8BkjA83OM7z,"""Rod Wave"""
0SfsnGyD8FpIN4U4WCkBZ5,"""Armin van Buuren"""
1y5T3Prq30eW5RkpaUWNOQ,"""Frans"""
25tMQOrIU4LlUo6Sv8v5SE,"""Gavin James"""
0daugAjUgbJSqdlyYNwIbT,"""Vicetone"""
7hOGhpa8RMSuDOWntGIAJt,"""A R I Z O N A"""
1Zatb2YN4erBOoSivOXc0o,"""O.T. Genasis"""
3aGFCoR8xGN6DKwvdzeSja,"""ILOVEMAKONNEN"""
4TsHKU8l8Wq7n7OPVikirn,"""Jidenna"""
4poL7YCSkG7kMnWjAdDU91,"""Era Istrefi"""
5GcWBUX00IPuWVGMIRK1sS,"""Residente"""
1IxP1g9VrPzJqXFCsuyHKe,"""MÃ¥ns ZelmerlÃ¶w"""
5KNNVgR6LBIABRIomyCwKJ,"""Dermot Kennedy"""
3eqjTLE0HfPfh78zjh6TqT,"""Bruce Springsteen"""
2VAnyOxzJuSAj7XIuEOT38,"""AlunaGeorge"""
3b8QkneNDz4JHKKKlLgYZg,"""Florida Georgia Line"""
6Ad91Jof8Niiw0lGLLi3NW,"""YUNGBLUD"""
1xHQO9GJIW9OXHxGBISYc5,"""Marian Hill"""
0AJUYWKztkg5dnrHDIBv47,"""MiC LOWRY"""
6ujr1NkqbZpYOhquczUUfl,"""The Strumbellas"""
5DK8eK7fjvRsziXzyr3sFA,"""Moon Taxi"""
3Rx4PJ7SP6unkOk5elPUK7,"""Money Man"""
0NiaKn55OzJswiYevvlKfz,"""RaÃ­ Saia Rodada"""
5338fdSzGNOFD4cxAxDTeq,"""Aaron Carter"""
6lBN3Tzt61u8i9AJoAhKzF,"""Mykola Dmytrovych Leontovych"""
0rvjqX7ttXeg3mTy8Xscbt,"""Journey"""
3zrUX1hQrUB9aXcOiyQLmN,"""Stanaj"""
6icQOAFXDZKsumw3YXyusw,"""Lil Yachty"""
1dgdvbogmctybPrGEcnYf6,"""Route 94"""
2uFC1dAj5b0YU7vulKNZ0p,"""Banx & Ranx"""
5F1aAS1duwlzExnPs3l2Xe,"""Pooh Shiesty"""
48HORs6F9P7IgdyKrk4MZC,"""TarcÃ­sio do Acordeon"""
1L9i6qZYIGQedgM9QLSyzb,"""Klingande"""
25uiPmTg16RbhZWAqwLBy5,"""Charli XCX"""
1AwO9pWEBSBoWdEZu28XDC,"""Eartha Kitt"""
3gd8FJtBJtkRxdfbTu19U2,"""Mumford & Sons"""
74KM79TiuVKeVCqs8QtB0B,"""Sabrina Carpenter"""
3RtNN1VnooWEn3KQk03DUL,"""Noriel"""
0jNDKefhfSbLR9sFvcPLHo,"""San Holo"""
3mIj9lX2MWuHmhNCA7LSCW,"""The 1975"""
00FQb4jTyendYWaN8pK0wa,"""Lana Del Rey"""
2AsusXITU8P25dlRNhcAbG,"""Gotye"""
05o1zW8b6PV6rEquXr74sB,"""State of Sound"""
6C1ohJrd5VydigQtaGy5Wa,"""Joyner Lucas"""
5X4LWwbUFNzPkEas04uU82,"""DVBBS"""
7blkMNJv8n9ceP9zlA4W2U,"""Shawn Hook"""
7wg1qvie3KqDNQbAkTdbX0,"""Louis The Child"""
1ShZZUjkbXCjhwrb18BA8I,"""Bryce Vine"""
2lEOFtf3cCyzomQcMHJGfZ,"""Ylvis"""
5n9bMYfz9qss2VOW89EVs2,"""Bomba EstÃ©reo"""
3NH8t45zOTqzlZgBvZRjvB,"""PNL"""
5lKZWd6HiSCLfnDGrq9RAm,"""Leona Lewis"""
2Z0lRIqr997lIUiPtrpKCr,"""Matheus & Kauan"""
1Fr6agZ6iSM5Ynn2k4C8sc,"""VÃ‰RITÃ‰"""
34LetYSjEuG2fBb4Z8PwPg,"""Pashanim"""
0ZRBa9pTfhhCsJW95F1ugg,"""Yall"""
36SRwzRkX5zW3ABjJrevqX,"""DadÃ¡ BoladÃ£o"""
4sg4no0TXdsrM1s4SVUwNF,"""Juju"""
6EPlBSH2RSiettczlz7ihV,"""Sleepy Hallow"""
7zY0DMisq1oYXvNNgGwHBY,"""Juanfran"""
4wLXwxDeWQ8mtUIRPxGiD6,"""Marc Anthony"""
718COspgdWOnwOFpJHRZHS,"""Luke Combs"""
4oUHIQIBe0LHzYfvXNW4QM,"""Morgan Wallen"""
1bqxdqvUtPWZri43cKHac8,"""MAX"""
2jnIB6XdLvnJUeNTy5A0J2,"""Why Don't We"""
6UCQYrcJ6wab6gnQ89OJFh,"""Headie One"""
0r0KdmVS1Er3kaFnl1KPog,"""Kwabs"""
5wPoxI5si3eJsYYwyXV4Wi,"""N.E.R.D"""
34Y0ldeyUv7jBvukWOGASO,"""Bobby Shmurda"""
2M4eNCvV3CJUswavkhAQg2,"""James Newton Howard"""
5KYEMMz9O9iLIESifKAEOp,"""WhoHeem"""
0fA0VVWsXO9YnASrzqfmYu,"""Kid Cudi"""
7wlFDEWiM5OoIAt8RSli8b,"""YoungBoy Never Broke Again"""
5fahUm8t5c0GIdeTq0ZaG8,"""Otto Knows"""
2lolQgalUvZDfp5vvVtTYV,"""Tony Bennett"""
1MXZ0hsGic96dWRDKwAwdr,"""Tyla Yaweh"""
7c0XG5cIJTrrAgEC3ULPiq,"""Ty Dolla $ign"""
5YCc6xS5Gpj3EkaYGdjyNK,"""WOS"""
1aQwKFn00nswXRDUDipm0K,"""Gaullin"""
1VBflYyxBhnDc9uVib98rw,"""Icona Pop"""
2TImI3DW7o5MdRXJs4D37h,"""SOB X RBE"""
2hPgGN4uhvXAxiXQBIXOmE,"""KIDS SEE GHOSTS"""
5wyWp867LWGjFmYZXVSFnZ,"""MERO"""
6HUm6AHJE0oisACMN6NNJ5,"""Faul & Wad Ad"""
6kq4GHwUcUojGIu0ziSNXf,"""Amenazzy"""
2KC9Qb60EaY0kW4eH68vr3,"""ITZY"""
46mGxneffUCmDhMU1m6zYu,"""Martin Tungevaag"""
1o2NpYGqHiCq7FoiYdyd1x,"""Bea Miller"""
6WY7D3jk8zTrHtmkqqo5GI,"""Maren Morris"""
7aLdKgvXgDQz0wi5z2PKMV,"""99 Souls"""
7hJcb9fa4alzcOq3EaNPoG,"""Snoop Dogg"""
2WxjxdeF7GGdcCK276qViY,"""Natalie Taylor"""
6h1s4i4XKIYv4ErDelLDN0,"""Samra"""
5QSx2vpiSchSeCwc0qmfNI,"""Who Is Fancy"""
74XFHRwlV6OrjEM0A2NCMF,"""Paramore"""
3Apb2lGmGJaBmr0TTBJvIZ,"""Rusherking"""
6x2LnllRG5uGarZMsD4iO8,"""Thomas Rhett"""
6Ff53KvcvAj5U7Z1vojB5o,"""*NSYNC"""
5EvFsr3kj42KNv97ZEnqij,"""Shaggy"""
0L8ExT028jH3ddEcZwqJJ5,"""Red Hot Chili Peppers"""
3fMbdgg4jU18AjLCKBhRSm,"""Michael Jackson"""
41QLxRXlc2NwfJZkHGHKid,"""Israel & Rodolffo"""
7Lk9V7E1u5gqSHmtcKlOqH,"""Sara Kays"""
,""""""
4gOc8TsQed9eqnqJct2c5v,""""""
5Q81rlcTFh3k6DQJXPdsot,"""Mura Masa"""
3HqSLMAZ3g3d5poNaI7GOU,"""IU"""
37mtx80nMDETlbsq2eFCzc,"""Fleur East"""
1LOB7jTeEV14pHai6EXSzF,"""Cash Cash"""
7yntSJ6uojO3z6GFUVwhAW,"""CORPSE"""
0EeQBlQJFiAfJeVN2vT9s0,"""Nipsey Hussle"""
2ZRQcIgzPCVaT9XKhXZIzh,"""Gryffin"""
7aBzpmFXB4WWpPl2F7RjBe,"""Wyclef Jean"""
4yiQZ8tQPux8cPriYMWUFP,"""Gwen Stefani"""
1zNqQNIdeOUZHb8zbZRFMX,"""Swae Lee"""
3iOvXCl6edW5Um0fXEBRXy,"""The xx"""
1xFn1xod58AGaSZjrxdiXA,"""El Chacal"""
6sFHvCyqklnJpXC9Nh1aag,"""Alexander 23"""
2QsynagSdAqZj3U9HgDzjD,"""Bob Marley & The Wailers"""
3TOqt5oJwL9BE2NG9MEwDa,"""Disturbed"""
3oDbviiivRWhXwIE8hxkVV,"""The Beach Boys"""
1aS5tqEs9ci5P9KD9tZWa6,"""Bonez MC"""
0Q9slhIaEgg190iG8udYIV,"""Philip George"""
0p4nmQO2msCgU4IF37Wi3j,"""Avril Lavigne"""
1IELhvOMg5VQlU7syRm6CS,"""CAZZETTE"""
4PzYKhC14sTJNEr0dzoo0d,"""LuÃ­sa Sonza"""
09agIJMxCD2k87ys9Al0f0,"""VIZE"""
3koiLjNrgRTNbOwViDipeA,"""Marvin Gaye"""
7guDJrEfX3qb6FEbdPA5qi,"""Stevie Wonder"""
5zfEatKLDdRkgbw6sdLBAQ,"""Octavian"""
2jw70GZXlAI8QzWeY2bgRc,"""Nelly Furtado"""
5f5mH9BDkeyXmDbzevu38d,"""Alfons"""
2Tg0aF5cbZktYFzgR1iAKv,"""Julie Bergan"""
4IJczjB0fJ04gs4uvP0Fli,"""Gym Class Heroes"""
5nSAh3wlH7VaqpnkiMjzDs,"""WSTRN"""
2tcoLkA9Hexz70Kuc1NTUl,"""Gradur"""
1Ffb6ejR6Fe5IamqA5oRUF,"""Bring Me The Horizon"""
5R3Hr2cnCCjt220Jmt2xLf,"""Dillon Francis"""
5KnoVkIUGmK0PiDKMjz2LM,"""Feder"""
5qa31A9HySw3T7MKWI9bGg,"""FLETCHER"""
21E3waRsmPlU7jZsS13rcj,"""Ne-Yo"""
0yApzRdrUqTGqX9MULdnmV,"""Thiaguinho MT"""
2jSGzJw0ebJLu7OLVSOcBP,"""Plan B"""
2w6slVluzWlwADP8aB5yz5,"""Palisades"""
3mH3OBKopDDVgnJcT5PrPk,"""Redfoo"""
4pADjHPWyrlAF0FA7joK2H,"""Jay Sean"""
325L7kby6bkG5qSXXAFEWM,"""Joker Bra"""
19i93sA0D7yS9dYoVNBqAA,"""tha Supreme"""
4cSYNpczcvTUpnPMFDLsIc,"""Tungevaag & Raaban"""
5wbf52LA6kcaboHSN6NEF1,"""Pedro Sampaio"""
0WK3H9OErSn5zKOkOV5egm,"""DDG"""
7ADRm1oT7VmhRRZrZqycV6,"""KASIMIR1441"""
6fXEqmGQEt6ONuqVmwrN46,"""Bag Raiders"""
0XwVARXT135rw8lyw1EeWP,"""Christian Nodal"""
3GBBxBdoolb0B5YizZq9bF,"""Eno"""
7ciBW1p3KBsYIkFk4UmwS8,"""The Rudeboyz"""
4QQgXkCYTt3BlENzhyNETg,"""Earth, Wind & Fire"""
3Nipsl6GVwwGyeAk0J29C6,"""MC G15"""
2UMj7NCbuqy1yUZmiSYGjJ,"""MC Kevin o Chris"""
5tHiL8SKSaZGMBUPIiSmX4,"""KitschKrieg"""
4IMAo2UQchVFyPH24PAjUs,"""Jowell & Randy"""
3bmFPbLMiLxtR9tFrTcKcP,"""Matthew Wilder"""
37G8DfNgO4mQ3PKh5droSo,"""Osmani Garcia ""La Voz"""""
6bwVWdQfr6ttzrGLboVkjg,"""Paul Rosenberg"""
6extd4B6hl8VTmnlhpl2bY,"""Huncho Jack"""
0CbeG1224FS58EUx4tPevZ,"""Timmy Trumpet"""
2msPoIYdnKVeuOOM960FC2,"""Sofia Karlberg"""
6kXm2YCtdUOpRYNKeKhfue,"""Ryan Gosling"""
7gP3bB2nilZXLfPHJhMdvc,"""Foster The People"""
1sBkRIssrMs1AbVkOJbc7a,"""Rick Ross"""
6wWVKhxIU2cEi0K81v7HvP,"""Rammstein"""
57LYzLEk2LcFghVwuWbcuS,"""Summer Walker"""
1lB3I3SI30v2ZOpR4XQqzJ,"""Gambi"""
2UZIAOlrnyZmyzt1nuXr9y,"""Nicki Nicole"""
5ZS223C6JyBfXasXxrRqOk,"""Jhene Aiko"""
3MHaV05u0io8fQbZ2XPtlC,"""Prince Royce"""
68kEuyFKyqrdQQLLsmiatm,"""Vince Staples"""
6aZyMrc4doVtZyKNilOmwu,"""Colbie Caillat"""
1TYJOhNSxMOODWiDVhuyZb,"""Kawe"""
1LIuN7ov1IBQDdLsU83ojl,"""Hugo & Guilherme"""
4dM6NDYSfLcspt8GLoT5aE,"""Hippie Sabotage"""
4JbmXqez7WvTggoxn3UpVT,"""Ghost Town DJs"""
6ModsWtBph2rE6zCTVxvZt,"""Maite Perroni"""
6O9WquDfQTxGRZqZUXVEQx,"""RedOne"""
431Pb5EV8KsCBGTw96ZTQ4,"""Dj Kass"""
6h2J3dxLnTyURwIUBumKog,"""Rich Gang"""
3WQ1s2QFvL6crxBvrVhwzj,"""Gabriel Diniz"""
711MCceyCBcFnzjGY4Q7Un,"""A"""
0vbEs3DgphJ2RGZqh4qFLT,"""Anita Kerr Singers"""
4D75GcNG95ebPtNvoNVXhz,"""Afrojack"""
1z7b1Pr1rSlvWRzsW3HOrS,"""Russ"""
4Yttlv9ndGjCDCVLqM7ACq,"""Sido"""
54R6Y0I7jGUCveDTtI21nb,"""Boney M."""
0bBz5bRBkExaej2HxtVfCw,"""347aidan"""
2Zi3RrdQqk63Xj0914STkS,"""Naomi Scott"""
2oQX8QiMXOyuqbcZEFsZfm,"""El Alfa"""
5j21TGkrNEAJe3gG9VlS34,"""Shindy"""
0HU0U9kdXEHZVxUNbuQe8S,"""Donny Hathaway"""
2R1QrQqWuw3IjoP5dXRFjt,"""Marlon Roudette"""
2h93pZq0e7k5yf4dywlkpM,"""Frank Ocean"""
1rw8ZTLnDHd74TWDDukjVi,"""Conrad Sewell"""
7gXb99Sf9nNmpNYeAgIQFG,"""Sub Urban"""
2Im8m4STDBosjfmb5hmP80,"""Loredana"""
6xvpfMjWTougrRRtK7iikz,"""Mason Ramsey"""
2C6i0I5RiGzDKN9IAF8reh,"""Banda Sinaloense MS de Sergio LizÃ¡rraga"""
6w9ToX5slZ4uIdmD17hJ3c,"""Bryant Myers"""
6Te49r3A6f5BiIgBRxH7FH,"""Ninho"""
7rOlQwf8OuFLFQp4aydjBt,"""Paloma Mami"""
1yR65psqiazQpeM79CcGh8,"""MarÃ­lia MendonÃ§a"""
0e6qzpphJHtObTSwD75mi0,"""The Avener"""
1Fg19vpUJpAAPFjnKaVYVW,"""Reynmen"""
2xe8IXgCTpwHE3eA9hTs4n,"""BANKS"""
1iNqsUDUraNWrj00bqssQG,"""Dreamville"""
21dooacK2WGBB5amYvKyfM,"""Smokepurpp"""
5doPfvddXXjtQIJu9rQEz5,"""Tayler Buono"""
1TlTz1l8LzQ7AiXjBO77Ep,"""Contiez"""
7H6dkUChT5EoOQtUVMg4cN,"""Hunter Hayes"""
3ZuBEj9ppJe8GSdKaMTfMN,"""Nimo"""
3pVfscwg2QxhdHtk966inb,"""The Cratez"""
5pVRwX5ZQR7hfJ18w8ZYkl,"""Ufo361"""
1jhdZdzOd4TJLAHqQdkUND,"""Jamie Lawson"""
2JLqTvFXmC87BksiCsBezV,"""Matt Terry"""
3q9nybxzbSHsesDBHUlP4c,"""Coleman Hell"""
2LAqcqAQ8KPTsl1HBgBrqM,"""Michelle Williams"""
6YvP6AXefuZ3bROoEVjCiY,"""LISTENBEE"""
7avo0PmlW8O1YLEt9DnWQT,"""Studio Killers"""
7Do8se3ZoaVqUt3woqqSrD,"""MACHETE"""
6m1LYS5NQonxjOcQFPQOb5,"""Frenna"""
7zsin6IgVsR1rqSRCNYDwq,"""Family of the Year"""
5p7mWeX4RlvqBCxylfiXdE,"""KC Rebell"""
085pc2PYOi8bGKj0PNjekA,"""will.i.am"""
6Mm2g25BTeJ6BICPFWGkPg,"""Bosh"""
7xX15v6ahAkcT14kHfB9wB,"""True Damage"""
2uwXb02RFgtGOr6s6XMWlB,"""Dj Ozuna"""
3lY9Fxceu60W1rbon7PkuF,"""Omar Montes"""
6gGJH7joTDx9M3xREiAq9U,"""Petter Ferraz"""
6FBDaR13swtiWwGhX1WQsP,"""blink-182"""
3drqpTL4sQOckmAfF9i1wg,"""Summer Cem"""
5AZuEF0feCXMkUCwQiQlW7,"""Marracash"""
3EiLUeyEcA6fbRPSHkG5kb,"""De La Ghetto"""
3EW0kQ1skZiK1NHg3Spt9J,"""Takeoff"""
4SR9oxWziAoPR4kTrekBi6,"""Samir & Viktor"""
1HwM5zlC5qNWhJtM00yXzG,"""DMX"""
61ipISvUVa5LkJlKZnm3Oo,"""Alle Farben"""
2JwyRtuXf2l6sTnSnGVIa1,"""Farid Bang"""
3S6gaE89XewFAvZqsMuJDJ,"""Norm Ender"""
2jzc5TC5TVFLXQlBNiIUzE,"""a-ha"""
1peH5tSqnYm8W6Bo3I5egE,"""Kat Dahlia"""
61lyPtntblHJvA7FMMhi7E,"""Duke Dumont"""
6vNe5MINTo5QZyR08sBOBA,"""Anna Naklab"""
7o9Nl7K1Al6NNAHX6jn6iG,"""Travie McCoy"""
3c96G4d2lUOxhomM2mby5S,"""Bushido"""
23TFHmajVfBtlRx5MXqgoz,"""Sfera Ebbasta"""
0lHB0Qc4pmD5RkTLlHeESo,"""MC L da Vinte"""
5sUrlPAHlS9NEirDB8SEbF,"""Alejandro Sanz"""
7vXDAI8JwjW531ouMGbfcp,"""TINI"""
2qk9voo8llSGYcZ6xrBzKx,"""Kings of Leon"""
3AA28KZvwAUcZuOKwyblJQ,"""Gorillaz"""
0g9vAlRPK9Gt3FKCekk4TW,"""Ab-Soul"""
0NIIxcxNHmOoyBx03SfTCD,"""Tinashe"""
6ASri4ePR7RlsvIQgWPJpS,"""iann dior"""
2S9W9aSAd7e5mp8WqWxN2h,"""Hilary Duff"""
7ACEUD7UsmmXrnj4OLt8f9,"""twocolors"""
6T70tWxqyIpdVbsFvPzqM3,"""La La Land Cast"""
5RmQ8k4l3HZ8JoPb4mNsML,"""Agust D"""
6xlRSRMLgZbsSNd0BMobwy,"""Dennis DJ"""
4YNxH9hXMuqlvG7rLTtLa1,"""Badpojken"""
2zd9YxlsQvA5mkZ1NarYVQ,"""Miriam Bryant"""
3836OTICMPjhTMMcpPw4EC,"""Broiler"""
3qBKjEOanahMxlRojwCzhI,"""Zacari"""
69u5rPwWBKP7pJHpCGB9O5,"""MoTrip"""
7eLcDZDYHXZCebtQmVFL25,"""Aitana"""
3gTZHK9u10mTyoEoT9tJaE,"""Lean Trap"""
3JXpwnHbLvXxY99EuXqFPX,"""Poo Bear"""
5UjifI1TYefXWn9GdqDOHl,"""Social House"""
19u3RGWKsjmbg9eI6zAiNp,"""13 OrganisÃ©"""
6JmzdIDSQdeHg0pocIascm,"""Thomas Jack"""
5nki7yRhxgM509M5ADlN1p,"""Oliver Heldens"""
4upwdFMlZBmQ68jP9jPzjK,"""Gemitaiz"""
0pF1TxZmwCJ3gGpkBQwdtT,"""Gabriel Rios"""
4dwdTW1Lfiq0cM8nBAqIIz,"""Of Monsters and Men"""
3utZ2yeQk0Z3BCOBWP7Vlu,"""Cro"""
1UCxzrM5WJh9ure5vCcsim,"""Charlie Charles"""
1G9G7WwrXka3Z1r7aIDjI7,"""OutKast"""
7jdFEYD2LTYjfwxOdlVjmc,"""KALEO"""
7x8MuRMbm9XIldHSJOtoNo,"""22 Savage"""
7kFfY4UjNdNyaeUgLIEbIF,"""DeJ Loaf"""
5V0MlUE1Bft0mbLlND7FJz,"""Ella Fitzgerald"""
5Mq7iqCWBzofK39FBqblNc,"""Jessie Ware"""
0JBdTCGs111JKKYfLqOEBa,"""Shirin David"""
0oSGxfWSnnOXhD2fKuz2Gy,"""David Bowie"""
0ECwFtbIWEVNwjlrfc6xoL,"""Eagles"""
3CJKkU0XuElRT1z8rEtIYg,"""Luciano"""
5sRQkVexJlax2iISuqL8cV,"""Kalazh44"""
0IsDyC7yhWO36zl3qlFzGH,"""Don Khuma"""
2vnB6tuQMaQpORiRdvXF9H,"""Beach Bunny"""
3FUY2gzHeIiaesXtOAdB7A,"""Train"""
4S9EykWXhStSc15wEx8QFK,"""CÃ©line Dion"""
1nzgtKYFckznkcVMR3Gg4z,"""KSI"""
18ISxWwWjV6rPLoVCXf1dz,"""RIN"""
5eioJDe26lOqkAMbuhzZYs,"""Gzuz"""
3hN3iJMbbBmqBSAMx5veDa,"""Ultimo"""
1iPOay2JCcgNMPvBaPe9Ky,"""Street Rappers"""
1WgXqy2Dd70QQOU7Ay074N,"""AURORA"""
1XLjkBxFokuDTlHt0mQkRe,"""Thomas Gold"""
2K5nCggbhSZ00YCYP5qkZS,"""Shiva"""
0b1sIQumIAsNbqAoIClSpy,"""j-hope"""
2zJ8chFLjiBHRNchfevMRI,"""SNBRN"""
2otUckChxWf2cp6UP2cD6e,"""Zuna"""
4lDiJcOJ2GLCK6p9q5BgfK,"""Kontra K"""
5TphiK6LsT4X5NOZxq3NJB,"""Trio VegabajeÃ±o"""
3fll16LLw6kdDxWzSpJPEQ,"""Malu"""
21LGsW7bziR4Ledx7WZ1Wf,"""Johnny Mathis"""
4LXBc13z5EWsc5N32bLxfH,"""Nekfeu"""
53KwLdlmrlCelAZMaLVZqU,"""James Blake"""
2lLqHBjAnD1QyH24pOPoH6,"""Peg Parnevik"""
21WS9wngs9AqFckK7yYJPM,"""PnB Rock"""
6L34dW6SKMSDaGIfYDU19j,"""Maes"""
4A7HeXSd4HtQuf6IR5XZ1b,"""Fero47"""
0BvkDsjIUla7X0k6CSWh1I,"""Luke Bryan"""
3EK3opK9Hp93HJjBPupzfg,"""KDA"""
1qUjOF5fzrpoNycD36b2jZ,"""Nate Ruess"""
0lAWpj5szCSwM4rUMHYmrr,"""MÃ¥neskin"""
3jK9MiCrA42lLAdMGUZpwa,"""Anderson .Paak"""
3hBQ4zniNdQf1cqqo6hzuW,"""Salmo"""
0ONHkAv9pCAFxb0zJwDNTy,"""Pusha T"""
1vgQksyJ0IVz8y9XerEOy3,"""Madame"""
07SFzTMeYf5P8Rd32a9Zzw,"""AK Ausserkontrolle"""
7F4HcalxCMC4DctguvnoFY,"""Ace Wilder"""
4ytkhMSAnrDP8XzRNlw9FS,"""Vince Guaraldi Trio"""
3WrFJ7ztbogyGnTHbHJFl2,"""The Beatles"""
5BHFSMEjfLVx1JwRWjAOsE,"""SuperM"""
76dRoxKtDwYkgCQePok9cU,"""Miksu"""
03d2mJXSMtuPI0nIvLnhoS,"""Zoe Wees"""
4jFlmD92WULLlaRS8Cj6QS,"""Francesca Michielin"""
2cFCoDyEaPrw8QVnrDlPKU,"""Stan Kenton"""
0Dvx6p8JDyzeOPGmaCIH1L,"""RAF Camora"""
58wXmynHaAWI5hwlPZP3qL,"""Booba"""
3EY5DxGdy7x4GelivOjS2Q,"""Connie Francis"""
146GKAYfDrwv0Ql2gQuMet,"""Natasha Nail"""
6hkKbkZGvAXuvle2FhCnxy,"""Shablo"""
0hItVPjwJLVZrFqOyIsxPf,"""Judy Garland"""
3J8pdA8hGN7lMw8ENo5fRv,"""Tropijazz"""
4IVAbR2w4JJNJDDRFP3E83,"""6LACK"""
1elUiq4X7pxej6FRlrEzjM,"""Jorge & Mateus"""
3tlXnStJ1fFhdScmQeLpuG,"""Brent Faiyaz"""
05fG473iIaoy82BF1aGhL8,"""Slipknot"""
2UwqpfQtNuhBwviIC0f2ie,"""Damso"""
3pjq2pDV9RR6VY55wBjVnp,"""Dardan"""
5ixB75BQR3ADoWQkcHQJTs,"""Gene Autry"""
7d86ERlvO5UG44j7Va0Y0C,"""Pamungkas"""
2y1VzMKAa5nmfXKtJL9jnj,"""Murda"""
6bwp9ObI8FWvMPCIWVBmhl,"""Red Velvet - IRENE & SEULGI"""
4Z4afeDmHFxPmJorIwupbZ,"""Netta"""
1fctva4kpRbg2k3v7kwRuS,"""Rvssian"""
5bgfj5zUoWpyeVatGDjn6H,"""K CAMP"""
5nP8x4uEFjAAmDzwOEc9b8,"""MatuÃª"""
2SXhbucehn00OBVKhzxDyM,"""Erica Banks"""
7ao5uJZUsPeVpWlNkkjWyx,"""DJ A1"""
39KEQQAG9JhIt71g9NEVhh,"""Azet"""
2ye2Wgw4gimLv2eAKyk1NB,"""Metallica"""
7t0rwkOPGlDPEhaOcVtOt9,"""The Cranberries"""
7sfgqEdoeBTjd8lQsPT3Cy,"""Emeli SandÃ©"""
6vPXtLmNd3mW0dd1Rb9eQ9,"""Don Patricio"""
4K9aclpXgCPNFGEqRlFPal,"""Peter Manos"""
2auiVi8sUZo17dLy1HwrTU,"""Solange"""
10XY9PZCJKzUFzZOdtlQLU,"""LX"""
5iot8OPcosJN9nCl7I5SdK,"""Irama"""
2NJWI8byqTSqDaJRnqJY2z,"""KALIM"""
6Ur6METz02CC9zcJWDFicC,"""M.O"""
0huGjMyP507tBCARyzSkrv,"""YBN Cordae"""
1moxjboGR7GNWYIMWsRjgG,"""Florence + The Machine"""
2HAShHcL0dMLf1iNzmxTi3,"""Freddy Kalas"""
5tVyieWwN9j09jXUovK2zN,"""Danny Saucedo"""
0ghlgldX5Dd6720Q3qFyQB,"""TOMORROW X TOGETHER"""
487N2T9nIPEHrlTZLL3SQs,"""ZÃ© Neto & Cristiano"""
2QUvtLq6oQaX0LNsYY2fas,"""Cauty"""
07GczQ6OLSjvh0qTNn2w9Z,"""Axel Wikner"""
6Y64EaNqpqcZYTgs4c76gF,"""jxdn"""
2u8P7EawurNYoIzRtr5Knk,"""Norlie & KKV"""
2yEkeJoFOvm6qHuECSDHFg,"""David Zowie"""
2aYJ5LAta2ScCdfLhKgZOY,"""Cobra Starship"""
4mAsWDGLUIEdo6imU77WG6,"""Boomdabash"""
20qISvAhX20dpIbOOzGK3q,"""Nas"""
3yiEJ9SByXZMXTwaKdVFN4,"""Luche"""
3a5ydeAaojKa3CHWe5PVWK,"""MC MM"""
4OBJLual30L7gRl5UkeRcT,"""T.I."""
1INuLZXjjVbcJRyWvD1iSq,"""Jack & Jack"""
5j4HeCoUlzhfWtjAfM1acR,"""Stromae"""
39E15l8zeCDYpSZwFNX4G2,"""Eleni Foureira"""
3cjEqqelV9zb4BYE3qDQ4O,"""EXO"""
3egWSWp7Y4FyCKIyvXbw7L,"""Ghali"""
5z1VAFwT35EVvCp1XlZZuL,"""Diana Krall"""
5SulO4l40qDuV9zUGLZx7n,"""Capo Plaza"""
7CCjtD0hCK005Bvg2WG1a7,"""Carnage"""
0JOxt5QOwq0czoJxvSc5hS,"""GASHI"""
6xdRb2GypJ7DqnWAI2mHGn,"""MUNA"""
3OxZ4asD88P1lJJmLcXz4K,"""MÃ¡rcia Fellipe"""
4VuARVJiWGsH2msKTdsKdQ,"""Veysel"""
2wIVse2owClT7go1WT98tk,"""Missy Elliott"""
0NyzfcGDZZ6GM25EBG9BYK,"""Ray Parker, Jr."""
6AUl0ykLLpvTktob97x9hO,"""Tee Grizzley"""
7nwUJBm0HE4ZxD3f5cy5ok,"""Aretha Franklin"""
3XHO7cRUPCLOr6jwp8vsx5,"""alt-J"""
4AA474G2hRfrHyGrfyDseO,"""Mozzy"""
7KUri7klyLaIFXLcuuOMCd,"""Stargate"""
3blngRQf0p4vJgSXtIPXWO,"""Emil Berg"""
67mFhErdTWmJ9slGMC6vOf,"""TrÃ­o Los Josefinos"""
6tdM5Njlln7nWkonCppW0u,"""MC Loma e As GÃªmeas LacraÃ§Ã£o"""
01pKrlgPJhm5dB4lneYAqS,"""Sigma"""
1mXAhKnZEdF6rotyyd4GBi,"""MC Kevinho"""
5Pcez7u1H2Po6e2LmMdF3f,"""Allyawan"""
63MQldklfxkjYDoUE4Tppz,"""M83"""
5nAiCPenjjdpUJAmElxmuu,"""LoÃ¯c Nottet"""
5ivCbtrcD5N4rD337xIb2z,"""MisterWives"""
6vjCIhbLklvyaDBgCcpH57,"""Fences"""
7KMqksf0UMdyA0UCf4R3ux,"""James Blunt"""
2Q4r4Epfaaho06ONTHx7OS,"""MC's Jhowzinho & Kadinho"""
0Jsk5iYMr5aNjHury7blm1,"""Boef"""
2P5sC9cVZDToPxyomzF1UH,"""Joey Bada$$"""
2j2rh3oQh4QEUnNTDKYSJD,"""187 Strassenbande"""
0RqtSIYZmd4fiBKVFqyIqD,"""Thirty Seconds To Mars"""
2UZMlIwnkgAEDBsw1Rejkn,"""Tom Petty"""
19ra5tSw0tWufvUp8GotLo,"""George Michael"""
5RSYz1KaYXbHfKdlaxAI8O,"""DJ Jonathan"""
5schNIzWdI9gJ1QRK8SBnc,"""Ben Howard"""
2T5vGJaxQIczaOZSUrvM1A,"""Jason French"""
0XNvr6bnNywV946ZKaJtr0,"""Joakim Lundell"""
521qvhdobR0GzhvU6TFw76,"""Tritonal"""
1FbsmLXvj5CccZj6JLk46Z,"""Kim Cesarion"""
4LEiUm1SRbFMgfqnQTwUbQ,"""Bon Iver"""
4Z8W4fKeB5YxbusRsdQVPb,"""Radiohead"""
4lDBihdpMlOalxy1jkUbPl,"""Grey"""
08JjzDgK2ltxMBWlez1YyH,"""Hasse Andersson"""
3DiDSECUqqY1AuBP8qtaIa,"""Alicia Keys"""
7A0awCXkE1FtSU8B0qwOJQ,"""Jamie xx"""
1mU61l2mcjEFraXZLpvVMo,"""Matthew Koma"""
1O5L4lbEpxlI7udBqsSQJa,"""Blue Suede Daddys"""
4utLUGcTvOJFr6aqIJtYWV,"""Skylar Grey"""
0TytASn0kOZkCpjYTrXsBt,"""Vaults"""
0Ya43ZKWHTKkAbkoJJkwIB,"""The Wombats"""
4zGH6gaO4NohcfCXZ31bQG,"""Eric Saade"""
09hVIj6vWgoCDtT03h8ZCa,"""A Tribe Called Quest"""
5l8VQNuIg0turYE1VtM9zV,"""Leonard Cohen"""
0B3N0ZINFWvizfa8bKiz4v,"""James TW"""
7yO4IdJjCEPz7YgZMe25iS,"""A$AP Mob"""
67nwj3Y5sZQLl72VNUHEYE,"""Wale"""
7oPftvlwr6VrsViSDV7fJY,"""Green Day"""
5abrQugiw9ysKSuemQW7K9,"""Amanda Jenssen"""
7BMccF0hQFBpP6417k1OtQ,"""Action Bronson"""
12Chz98pHFMPJEknJQMWvI,"""Muse"""
6IH1y7lDZ4f5emA2chtADV,"""Blak"""
3RbyaF3Pq6iDUKNp04AIcU,"""New Politics"""
0NWbwDZY1VkRqFafuQm6wk,"""Mike WiLL Made-It"""
4NZvixzsSefsNiIqXn0NDe,"""Maggie Rogers"""
5So3Ot8FgnAlkz4v02elso,"""SaRaha"""
3FfvYsEGaIb52QPXhg4DcH,"""Jason Aldean"""
2nuKjZLgc7II6FO4Rxjt5e,"""Blonde"""
31lnFZEM6ysvjOx59VyxRE,"""Krept & Konan"""
3gbaHBYDy62irTs0ZsHNmi,"""Wiktoria"""
1CQLPgGkfHrxNMqrXt5oWS,"""Robin Bengtsson"""
7DXjp1eSv6Xf759gmCiApa,"""Panetoz"""
4l1cKWYW591xnwEGxpUg3J,"""Miike Snow"""
2WX2uTcsvV5OnS0inACecP,"""Birdy"""
5pZE9tgrhmIGWAsJZ7YxNK,"""Luny Tunes"""
3AlRiyjMywTVNzTcHbf9QT,"""Lil' Kleine"""
7jy3rLJdDQY21OgRLCZ9sD,"""Foo Fighters"""
6jU2Tt13MmXYk0ZBv1KmfO,"""Giorgio Moroder"""
2QGdI8fUEuoVPJ4xuC5NDe,"""Laura Welsh"""
65lCLhmmyUwnPBD2Bq7FQx,"""Jon Henrik FjÃ¤llgren"""
3EaDukxGx5viO0MTLW1a5X,"""Morgan Sulele"""
1AtI1rQj5b84lSWR6QEJ46,"""Johnny Newport"""
5MspMQqdVbdwP6ax3GXqum,"""Annie Lennox"""
1avL1hvvSnr1BOVKMpq1cE,"""Ken Floor"""
2GHclqNVjqGuiE5mA7BEoc,"""Common"""
6KWcxMWVNVIYbdOQyJtsSy,"""The Platters"""
3q6vAnrFIwWtAERGIXCwmV,"""Jaymes Reunion"""
7EK1bQADBoqbYXnT4Cqv9w,"""John Denver"""
3RqBeV12Tt7A8xH3zBDDUF,"""Kelsea Ballerini"""
3vbKDsSS70ZX9D2OcvbZmS,"""Beck"""
7w29MU70EVgvR0c5f4wIxf,"""Winterland Big Band"""
2OIWxN9xUhgUHkeUCWCaNs,"""Veronica Maggio"""
6yJCxee7QumYr820xdIsjo,"""Zac Brown Band"""
3kjuyTCjPG1WMFCiyc5IuB,"""Arcade Fire"""
0k17h0D3J5VfsdmQ1iZtE9,"""Pink Floyd"""
397jYgLYL4N6XsutEYQlP5,"""The Starlite Singers"""
3cvKNz7BwIY404XtZ5tpUW,"""Troy Ave"""
3sk9GNYRthjLjrZDflxhiB,"""Priory"""
5ChF3i92IPZHduM7jN3dpg,"""Nicky Romero"""
07QEuhtrNmmZ0zEcqE9SF6,"""Owl City"""
0Cd6nHYwecCNM1sVEXKlYr,"""Krewella"""
4xFUf1FHVy696Q1JQZMTRj,"""Carrie Underwood"""
3QGKsAfhZdldQCLuLjk6zl,"""Us The Duo"""
2txHhyCwHjUEpJjWrEyqyX,"""Tom Odell"""
4X0v8sFoDZ6rIfkeOeVm2i,"""Seinabo Sey"""
1n2pb9Tsfe4SwAjmUac6YT,"""Jake Owen"""
4N874uPqBka1QiCvnCVOtr,"""Phoebe Ryan"""
3Pdait6yo2LXvw2CwnagZr,"""Polina Gagarina"""
0NbfKEOTQCcwd6o7wSDOHI,"""The Game"""
3CjlHNtplJyTf9npxaPl5w,"""CHVRCHES"""
6If57j6e3TXXk0HiLcIZca,"""Sevyn Streeter"""
4FqPRilb0Ja0TKG3RS3y4s,"""Steve Angello"""
7KAGJwWQQui8b0uqwXRkSr,"""GestÃ¶rt aber GeiL"""
3CygdxquGHurS7f9LjNLkv,"""Little Big Town"""
2NX52zvQRp4AxVzhp2cMiP,"""Kenny B"""
7iW0o1suit8xY24m9M5L0u,"""De Vet Du"""
16GcWuvvybAoaHr0NqT8Eh,"""Alabama Shakes"""
6PAt558ZEZl0DmdXlnjMgD,"""Eric Clapton"""
5xLSa7l4IV1gsQfhAMvl0U,"""B.B. King"""
4MVyzYMgTwdP7Z49wAZHx0,"""Lynyrd Skynyrd"""
0QmOR0TqxMPtZxtaIJ5klY,"""Nadav Guedj"""
6FQqZYVfTNQ1pCqfkwVFEa,"""Foals"""
2wTNL2DgYACRKqxGb9oKO1,"""Jakob Karlberg"""
5PjekOABtfU2Kwo0AHVmci,"""Guy Sebastian"""
08uWJ3O13e3RJCxaiZh8qm,"""Elina Born & Stig RÃ¤sta"""
0zOcE3mg9nS6l3yxt1Y0bK,"""The Fray"""
0bxSJJ7V2M4Zb9lpRzWPD8,"""JIMIN"""
3ipn9JLAPI5GUEo4y4jcoi,"""Ludacris"""
6Dy7Ex5zlTLgXbsB92rPji,"""iSHi"""
3IaqL9bsZtYJkqNLiovVho,"""Handsome Ghost"""